ctime,schemaname,relname,seq_scan,seq_tup_read,idx_scan,idx_tup_fetch,n_tup_ins,n_tup_upd,n_tup_del,n_tup_hot_upd,n_live_tup,n_dead_tup,heap_blks_read,heap_blks_hit,idx_blks_read,idx_blks_hit,toast_blks_read,toast_blks_hit,tidx_blks_read,tidx_blks_hit
1416277442.51914,public,partsupp,0,0,,,0,0,0,0,0,0,0,0,,,,,,
1416277442.51914,pg_catalog,pg_auth_members,0,0,0,0,0,0,0,0,0,0,0,0,0,0,,,,
1416277442.51914,pg_catalog,pg_operator,0,0,280291,1229947,0,0,0,0,0,0,61192,821729,46398,580572,,,,
1416277442.51914,pg_catalog,pg_aggregate,0,0,18898,18898,0,0,0,0,0,0,4669,14229,9388,24256,,,,
1416277442.51914,pg_catalog,pg_pltemplate,0,0,0,0,0,0,0,0,0,0,0,0,0,0,,,,
1416277442.51914,pg_toast,pg_toast_12188,0,0,0,0,0,0,0,0,0,0,0,0,0,0,,,,
1416277442.51914,pg_catalog,pg_description,0,0,4661,0,0,0,0,0,0,0,0,0,1682,8658,0,0,0,0
1416277442.51914,pg_catalog,pg_language,0,0,0,0,0,0,0,0,0,0,0,0,0,0,,,,
1416277442.51914,pg_catalog,pg_ts_parser,0,0,0,0,0,0,0,0,0,0,0,0,0,0,,,,
1416277442.51914,pg_catalog,pg_shseclabel,0,0,0,0,0,0,0,0,0,0,0,0,0,0,,,,
1416277442.51914,pg_catalog,pg_foreign_table,0,0,0,0,0,0,0,0,0,0,0,0,0,0,,,,
1416277442.51914,public,customer,0,0,,,0,0,0,0,0,0,0,0,,,,,,
1416277442.51914,information_schema,sql_packages,0,0,,,0,0,0,0,0,0,0,0,,,0,0,0,0
1416277442.51914,information_schema,sql_parts,0,0,,,0,0,0,0,0,0,0,0,,,0,0,0,0
1416277442.51914,pg_catalog,pg_attrdef,0,0,0,0,0,0,0,0,0,0,0,0,0,0,0,0,0,0
1416277442.51914,pg_catalog,pg_ts_template,0,0,0,0,0,0,0,0,0,0,0,0,0,0,,,,
1416277442.51914,pg_catalog,pg_foreign_server,0,0,0,0,0,0,0,0,0,0,0,0,0,0,,,,
1416277442.51914,pg_catalog,pg_default_acl,0,0,4112,0,0,0,0,0,0,0,0,0,477,3635,,,,
1416277442.51914,pg_toast,pg_toast_12198,0,0,0,0,0,0,0,0,0,0,0,0,0,0,,,,
1416277442.51914,public,region,0,0,,,0,0,0,0,0,0,0,0,,,,,,
1416277442.51914,pg_toast,pg_toast_12208,0,0,0,0,0,0,0,0,0,0,0,0,0,0,,,,
1416277442.51914,pg_catalog,pg_attribute,3696,24528,1101869,2183297,7558,240,7424,204,2381,398,98048,1088084,44794,2241727,,,,
1416277442.51914,pg_catalog,pg_statistic,0,0,258960,204505,1661,4147,1661,3682,457,127,41985,174969,21141,536769,12633,57025,2042,80311
1416277442.51914,pg_toast,pg_toast_12203,0,0,0,0,0,0,0,0,0,0,0,0,0,0,,,,
1416277442.51914,pg_toast,pg_toast_2618,0,0,13434,43624,0,0,0,0,0,0,10054,13419,3887,16337,,,,
1416277442.51914,pg_toast,pg_toast_3596,0,0,0,0,0,0,0,0,0,0,0,0,0,0,,,,
1416277442.51914,pg_catalog,pg_depend,0,0,43078,46393,7895,0,7866,0,6233,1148,7884,54509,13499,109336,,,,
1416277442.51914,public,supplier,0,0,,,0,0,0,0,0,0,0,0,,,,,,
1416277442.51914,information_schema,sql_languages,0,0,,,0,0,0,0,0,0,0,0,,,0,0,0,0
1416277442.51914,pg_catalog,pg_opclass,672,672,226959,2457083,0,0,0,0,0,0,13300,844818,26175,269148,,,,
1416277442.51914,pg_catalog,pg_proc,0,0,472161,695204,0,0,0,0,0,0,75208,465165,70961,976154,0,0,0,0
1416277442.51914,information_schema,sql_implementation_info,0,0,,,0,0,0,0,0,0,0,0,,,0,0,0,0
1416277442.51914,pg_catalog,pg_trigger,0,0,0,0,0,0,0,0,0,0,0,0,0,0,0,0,0,0
1416277442.51914,pg_catalog,pg_am,47988,47988,0,0,0,0,0,0,0,0,7797,40191,0,0,,,,
1416277442.51914,pg_catalog,pg_largeobject_metadata,0,0,0,0,0,0,0,0,0,0,0,0,0,0,,,,
1416277442.51914,pg_catalog,pg_ts_config_map,0,0,0,0,0,0,0,0,0,0,0,0,0,0,,,,
1416277442.51914,pg_catalog,pg_type,0,0,932152,924695,2030,0,2011,0,349,109,24269,909406,30549,1874820,,,,
1416277442.51914,pg_catalog,pg_shdepend,0,0,5729,1067,0,0,0,0,0,0,491,576,2129,5648,,,,
1416277442.51914,information_schema,sql_sizing,0,0,,,0,0,0,0,0,0,0,0,,,0,0,0,0
1416277442.51914,pg_catalog,pg_conversion,0,0,0,0,0,0,0,0,0,0,0,0,0,0,,,,
1416277442.51914,pg_catalog,pg_foreign_data_wrapper,0,0,0,0,0,0,0,0,0,0,0,0,0,0,,,,
1416277442.51914,pg_catalog,pg_opfamily,0,0,0,0,0,0,0,0,0,0,0,0,0,0,,,,
1416277442.51914,public,nation,0,0,,,0,0,0,0,0,0,0,0,,,,,,
1416277442.51914,pg_catalog,pg_shdescription,0,0,0,0,0,0,0,0,0,0,0,0,0,0,0,0,0,0
1416277442.51914,pg_catalog,pg_tablespace,2,4,35021,35021,0,0,0,0,0,0,6194,28829,12422,57620,,,,
1416277442.51914,pg_catalog,pg_inherits,0,0,1018,0,0,0,0,0,0,0,0,0,500,518,,,,
1416277442.51914,public,orders,0,0,,,0,0,0,0,0,0,0,0,,,,,,
1416277442.51914,pg_toast,pg_toast_2606,0,0,0,0,0,0,0,0,0,0,0,0,0,0,,,,
1416277442.51914,pg_toast,pg_toast_2964,0,0,0,0,0,0,0,0,0,0,0,0,0,0,,,,
1416277442.51914,pg_catalog,pg_database,9752,38444,201692,201690,1,0,0,0,1,0,8158,203285,36798,265386,,,,
1416277442.51914,pg_toast,pg_toast_2620,0,0,0,0,0,0,0,0,0,0,0,0,0,0,,,,
1416277442.51914,pg_toast,pg_toast_12213,0,0,0,0,0,0,0,0,0,0,0,0,0,0,,,,
1416277442.51914,pg_catalog,pg_amproc,672,1344,175351,260775,0,0,0,0,0,0,9839,163165,26644,371127,,,,
1416277442.51914,pg_catalog,pg_collation,0,0,0,0,0,0,0,0,0,0,0,0,0,0,,,,
1416277442.51914,pg_catalog,pg_constraint,0,0,384,192,192,0,192,0,2,24,108,1081,196,1928,0,0,0,0
1416277442.51914,pg_catalog,pg_range,0,0,7094,0,0,0,0,0,0,0,0,0,7251,6937,,,,
1416277442.51914,pg_catalog,pg_user_mapping,0,0,0,0,0,0,0,0,0,0,0,0,0,0,,,,
1416277442.51914,pg_catalog,pg_largeobject,0,0,0,0,0,0,0,0,0,0,0,0,0,0,,,,
1416277442.51914,pg_catalog,pg_namespace,7069,197964,545876,502021,38,0,0,0,38,0,6794,502392,17878,578287,,,,
1416277442.51914,public,lineitem,0,0,,,0,0,0,0,0,0,0,0,,,,,,
1416277442.51914,pg_catalog,pg_authid,3510,3510,88206,88206,0,0,0,0,0,0,6985,84731,25978,150434,,,,
1416277442.51914,pg_toast,pg_toast_12193,0,0,0,0,0,0,0,0,0,0,0,0,0,0,,,,
1416277442.51914,pg_catalog,pg_index,15713,1835817,391710,559132,919,0,919,0,110,51,29948,555416,28404,442352,,,,
1416277442.51914,pg_catalog,pg_ts_dict,0,0,0,0,0,0,0,0,0,0,0,0,0,0,,,,
1416277442.51914,information_schema,sql_features,0,0,,,0,0,0,0,0,0,0,0,,,0,0,0,0
1416277442.51914,pg_catalog,pg_class,39919,9916508,1632007,1573230,1947,521,1937,505,298,113,73704,1889470,60827,3285653,,,,
1416277442.51914,pg_toast,pg_toast_12183,0,0,0,0,0,0,0,0,0,0,0,0,0,0,,,,
1416277442.51914,information_schema,sql_sizing_profiles,0,0,,,0,0,0,0,0,0,0,0,,,0,0,0,0
1416277442.51914,pg_toast,pg_toast_2396,0,0,0,0,0,0,0,0,0,0,0,0,0,0,,,,
1416277442.51914,pg_catalog,pg_enum,0,0,0,0,0,0,0,0,0,0,0,0,0,0,,,,
1416277442.51914,pg_catalog,pg_db_role_setting,0,0,150876,0,0,0,0,0,0,0,0,0,8007,142869,0,0,0,0
1416277442.51914,public,part,0,0,,,0,0,0,0,0,0,0,0,,,,,,
1416277442.51914,pg_catalog,pg_seclabel,0,0,4661,0,0,0,0,0,0,0,0,0,522,4139,0,0,0,0
1416277442.51914,pg_toast,pg_toast_2609,0,0,0,0,0,0,0,0,0,0,0,0,0,0,,,,
1416277442.51914,pg_toast,pg_toast_1255,0,0,0,0,0,0,0,0,0,0,0,0,0,0,,,,
1416277442.51914,public,time_statistics,0,0,,,1,0,0,0,1,0,1,0,,,,,,
1416277442.51914,pg_catalog,pg_rewrite,0,0,26526,24963,521,0,521,0,106,50,12060,17079,5159,40231,10054,13419,3887,16337
1416277442.51914,pg_catalog,pg_ts_config,0,0,0,0,0,0,0,0,0,0,0,0,0,0,,,,
1416277442.51914,pg_catalog,pg_extension,0,0,0,0,0,0,0,0,0,0,0,0,0,0,,,,
1416277442.51914,pg_catalog,pg_amop,0,0,361591,506857,0,0,0,0,0,0,20821,486036,35412,745290,,,,
1416277442.51914,pg_catalog,pg_cast,0,0,1173028,318283,0,0,0,0,0,0,9033,309250,11500,1204232,,,,
1416277442.51914,pg_toast,pg_toast_2619,0,0,43169,140316,1781,0,1770,0,39,272,12633,57025,2042,80311,,,,
1416277442.51914,pg_toast,pg_toast_2604,0,0,0,0,0,0,0,0,0,0,0,0,0,0,,,,
1416277502.52071,public,partsupp,3,24000000,0,0,8000000,0,0,0,8000000,0,340611,954509,0,0,,,,
1416277502.52071,pg_catalog,pg_auth_members,0,0,0,0,0,0,0,0,0,0,0,0,0,0,,,,
1416277502.52071,pg_catalog,pg_operator,0,0,280366,1230076,0,0,0,0,0,0,61203,821829,46399,580749,,,,
1416277502.52071,pg_catalog,pg_aggregate,0,0,18900,18900,0,0,0,0,0,0,4670,14230,9390,24258,,,,
1416277502.52071,pg_catalog,pg_pltemplate,0,0,0,0,0,0,0,0,0,0,0,0,0,0,,,,
1416277502.52071,pg_toast,pg_toast_12188,0,0,0,0,0,0,0,0,0,0,0,0,0,0,,,,
1416277502.52071,pg_catalog,pg_description,0,0,4661,0,0,0,0,0,0,0,0,0,1682,8658,0,0,0,0
1416277502.52071,pg_catalog,pg_language,0,0,0,0,0,0,0,0,0,0,0,0,0,0,,,,
1416277502.52071,pg_catalog,pg_ts_parser,0,0,0,0,0,0,0,0,0,0,0,0,0,0,,,,
1416277502.52071,pg_catalog,pg_shseclabel,0,0,0,0,0,0,0,0,0,0,0,0,0,0,,,,
1416277502.52071,pg_catalog,pg_foreign_table,0,0,0,0,0,0,0,0,0,0,0,0,0,0,,,,
1416277502.52071,public,customer,6,9000000,0,0,1500000,0,0,0,1500000,0,68533,294857,0,0,,,,
1416277502.52071,information_schema,sql_packages,0,0,,,0,0,0,0,0,0,0,0,,,0,0,0,0
1416277502.52071,information_schema,sql_parts,0,0,,,0,0,0,0,0,0,0,0,,,0,0,0,0
1416277502.52071,pg_catalog,pg_attrdef,0,0,0,0,0,0,0,0,0,0,0,0,0,0,0,0,0,0
1416277502.52071,pg_catalog,pg_ts_template,0,0,0,0,0,0,0,0,0,0,0,0,0,0,,,,
1416277502.52071,pg_catalog,pg_foreign_server,0,0,0,0,0,0,0,0,0,0,0,0,0,0,,,,
1416277502.52071,pg_catalog,pg_default_acl,0,0,4112,0,0,0,0,0,0,0,0,0,477,3635,,,,
1416277502.52071,pg_toast,pg_toast_12198,0,0,0,0,0,0,0,0,0,0,0,0,0,0,,,,
1416277502.52071,public,region,2,10,0,0,5,0,0,0,5,0,1,3,0,0,,,,
1416277502.52071,pg_toast,pg_toast_12208,0,0,0,0,0,0,0,0,0,0,0,0,0,0,,,,
1416277502.52071,pg_catalog,pg_attribute,3707,24601,1102785,2185334,7583,247,7424,211,2406,405,98069,1089281,44794,2243732,,,,
1416277502.52071,pg_catalog,pg_statistic,0,0,259174,204669,1699,4273,1661,3796,495,222,41998,175335,21141,537314,12669,57599,2043,80774
1416277502.52071,pg_toast,pg_toast_12203,0,0,0,0,0,0,0,0,0,0,0,0,0,0,,,,
1416277502.52071,pg_toast,pg_toast_2618,0,0,13442,43650,0,0,0,0,0,0,10059,13428,3887,16349,,,,
1416277502.52071,pg_toast,pg_toast_3596,0,0,0,0,0,0,0,0,0,0,0,0,0,0,,,,
1416277502.52071,pg_catalog,pg_depend,0,0,43148,46457,7929,0,7866,0,6267,1148,7926,54671,13503,109642,,,,
1416277502.52071,public,supplier,4,400000,0,0,100000,0,0,0,100000,0,2312,15648,0,0,,,,
1416277502.52071,information_schema,sql_languages,0,0,,,0,0,0,0,0,0,0,0,,,0,0,0,0
1416277502.52071,pg_catalog,pg_opclass,674,674,227200,2460576,0,0,0,0,0,0,13300,845766,26175,269461,,,,
1416277502.52071,pg_catalog,pg_proc,0,0,472327,695446,0,0,0,0,0,0,75222,465353,70967,976517,0,0,0,0
1416277502.52071,information_schema,sql_implementation_info,0,0,,,0,0,0,0,0,0,0,0,,,0,0,0,0
1416277502.52071,pg_catalog,pg_trigger,0,0,0,0,0,0,0,0,0,0,0,0,0,0,0,0,0,0
1416277502.52071,pg_catalog,pg_am,48047,48047,0,0,0,0,0,0,0,0,7797,40250,0,0,,,,
1416277502.52071,pg_catalog,pg_largeobject_metadata,0,0,0,0,0,0,0,0,0,0,0,0,0,0,,,,
1416277502.52071,pg_catalog,pg_ts_config_map,0,0,0,0,0,0,0,0,0,0,0,0,0,0,,,,
1416277502.52071,pg_catalog,pg_type,0,0,932473,925016,2030,0,2011,0,349,109,24274,909733,30549,1875504,,,,
1416277502.52071,pg_catalog,pg_shdepend,0,0,5729,1067,0,0,0,0,0,0,491,576,2129,5648,,,,
1416277502.52071,information_schema,sql_sizing,0,0,,,0,0,0,0,0,0,0,0,,,0,0,0,0
1416277502.52071,pg_catalog,pg_conversion,0,0,0,0,0,0,0,0,0,0,0,0,0,0,,,,
1416277502.52071,pg_catalog,pg_foreign_data_wrapper,0,0,0,0,0,0,0,0,0,0,0,0,0,0,,,,
1416277502.52071,pg_catalog,pg_opfamily,0,0,0,0,0,0,0,0,0,0,0,0,0,0,,,,
1416277502.52071,public,nation,2,50,0,0,25,0,0,0,25,0,1,3,0,0,,,,
1416277502.52071,pg_catalog,pg_shdescription,0,0,0,0,0,0,0,0,0,0,0,0,0,0,0,0,0,0
1416277502.52071,pg_catalog,pg_tablespace,2,4,35031,35031,0,0,0,0,0,0,6194,28839,12422,57640,,,,
1416277502.52071,pg_catalog,pg_inherits,0,0,1018,0,0,0,0,0,0,0,0,0,500,518,,,,
1416277502.52071,public,orders,0,0,,,0,0,0,0,0,0,0,0,,,,,,
1416277502.52071,pg_toast,pg_toast_2606,0,0,0,0,0,0,0,0,0,0,0,0,0,0,,,,
1416277502.52071,pg_toast,pg_toast_2964,0,0,0,0,0,0,0,0,0,0,0,0,0,0,,,,
1416277502.52071,pg_catalog,pg_database,9756,38460,201840,201838,1,0,0,0,1,0,8158,203437,36798,265620,,,,
1416277502.52071,pg_toast,pg_toast_2620,0,0,0,0,0,0,0,0,0,0,0,0,0,0,,,,
1416277502.52071,pg_toast,pg_toast_12213,0,0,0,0,0,0,0,0,0,0,0,0,0,0,,,,
1416277502.52071,pg_catalog,pg_amproc,674,1348,175512,261001,0,0,0,0,0,0,9839,163316,26644,371491,,,,
1416277502.52071,pg_catalog,pg_collation,0,0,0,0,0,0,0,0,0,0,0,0,0,0,,,,
1416277502.52071,pg_catalog,pg_constraint,0,0,390,192,198,0,192,0,8,24,112,1103,202,1976,0,0,0,0
1416277502.52071,pg_catalog,pg_range,0,0,7094,0,0,0,0,0,0,0,0,0,7251,6937,,,,
1416277502.52071,pg_catalog,pg_user_mapping,0,0,0,0,0,0,0,0,0,0,0,0,0,0,,,,
1416277502.52071,pg_catalog,pg_largeobject,0,0,0,0,0,0,0,0,0,0,0,0,0,0,,,,
1416277502.52071,pg_catalog,pg_namespace,7073,198140,546198,502304,38,0,0,0,38,0,6794,502679,17878,578651,,,,
1416277502.52071,public,lineitem,0,0,,,0,0,0,0,0,0,0,0,,,,,,
1416277502.52071,pg_catalog,pg_authid,3512,3512,88289,88289,0,0,0,0,0,0,6985,84816,25978,150600,,,,
1416277502.52071,pg_toast,pg_toast_12193,0,0,0,0,0,0,0,0,0,0,0,0,0,0,,,,
1416277502.52071,pg_catalog,pg_index,15728,1836748,392077,559621,936,0,919,0,127,51,29952,555940,28404,442830,,,,
1416277502.52071,pg_catalog,pg_ts_dict,0,0,0,0,0,0,0,0,0,0,0,0,0,0,,,,
1416277502.52071,information_schema,sql_features,0,0,,,0,0,0,0,0,0,0,0,,,0,0,0,0
1416277502.52071,pg_catalog,pg_class,39950,9921477,1633145,1574305,1964,521,1937,505,315,113,73705,1890921,60827,3288082,,,,
1416277502.52071,pg_toast,pg_toast_12183,0,0,0,0,0,0,0,0,0,0,0,0,0,0,,,,
1416277502.52071,information_schema,sql_sizing_profiles,0,0,,,0,0,0,0,0,0,0,0,,,0,0,0,0
1416277502.52071,pg_toast,pg_toast_2396,0,0,0,0,0,0,0,0,0,0,0,0,0,0,,,,
1416277502.52071,pg_catalog,pg_enum,0,0,0,0,0,0,0,0,0,0,0,0,0,0,,,,
1416277502.52071,pg_catalog,pg_db_role_setting,0,0,151005,0,0,0,0,0,0,0,0,0,8007,142998,0,0,0,0
1416277502.52071,public,part,6,12000000,0,0,2000000,0,0,0,2000000,0,79007,327715,0,0,,,,
1416277502.52071,pg_catalog,pg_seclabel,0,0,4661,0,0,0,0,0,0,0,0,0,522,4139,0,0,0,0
1416277502.52071,pg_toast,pg_toast_2609,0,0,0,0,0,0,0,0,0,0,0,0,0,0,,,,
1416277502.52071,pg_toast,pg_toast_1255,0,0,0,0,0,0,0,0,0,0,0,0,0,0,,,,
1416277502.52071,public,time_statistics,0,0,,,1,0,0,0,1,0,1,0,,,,,,
1416277502.52071,pg_catalog,pg_rewrite,0,0,26540,24977,521,0,521,0,106,50,12065,17088,5159,40255,10059,13428,3887,16349
1416277502.52071,pg_catalog,pg_ts_config,0,0,0,0,0,0,0,0,0,0,0,0,0,0,,,,
1416277502.52071,pg_catalog,pg_extension,0,0,0,0,0,0,0,0,0,0,0,0,0,0,,,,
1416277502.52071,pg_catalog,pg_amop,0,0,361786,507075,0,0,0,0,0,0,20823,486252,35413,745709,,,,
1416277502.52071,pg_catalog,pg_cast,0,0,1174360,318552,0,0,0,0,0,0,9033,309519,11500,1205598,,,,
1416277502.52071,pg_toast,pg_toast_2619,0,0,43221,140352,1954,0,1782,0,194,12,12669,57599,2043,80774,,,,
1416277502.52071,pg_toast,pg_toast_2604,0,0,0,0,0,0,0,0,0,0,0,0,0,0,,,,
1416277562.52554,public,partsupp,3,24000000,0,0,8000000,0,0,0,8000000,0,340611,954509,0,0,,,,
1416277562.52554,pg_catalog,pg_auth_members,0,0,0,0,0,0,0,0,0,0,0,0,0,0,,,,
1416277562.52554,pg_catalog,pg_operator,0,0,280406,1230116,0,0,0,0,0,0,61203,821869,46399,580847,,,,
1416277562.52554,pg_catalog,pg_aggregate,0,0,18902,18902,0,0,0,0,0,0,4670,14232,9390,24262,,,,
1416277562.52554,pg_catalog,pg_pltemplate,0,0,0,0,0,0,0,0,0,0,0,0,0,0,,,,
1416277562.52554,pg_toast,pg_toast_12188,0,0,0,0,0,0,0,0,0,0,0,0,0,0,,,,
1416277562.52554,pg_catalog,pg_description,0,0,4661,0,0,0,0,0,0,0,0,0,1682,8658,0,0,0,0
1416277562.52554,pg_catalog,pg_language,0,0,0,0,0,0,0,0,0,0,0,0,0,0,,,,
1416277562.52554,pg_catalog,pg_ts_parser,0,0,0,0,0,0,0,0,0,0,0,0,0,0,,,,
1416277562.52554,pg_catalog,pg_shseclabel,0,0,0,0,0,0,0,0,0,0,0,0,0,0,,,,
1416277562.52554,pg_catalog,pg_foreign_table,0,0,0,0,0,0,0,0,0,0,0,0,0,0,,,,
1416277562.52554,public,customer,6,9000000,0,0,1500000,0,0,0,1500000,0,68533,294857,0,0,,,,
1416277562.52554,information_schema,sql_packages,0,0,,,0,0,0,0,0,0,0,0,,,0,0,0,0
1416277562.52554,information_schema,sql_parts,0,0,,,0,0,0,0,0,0,0,0,,,0,0,0,0
1416277562.52554,pg_catalog,pg_attrdef,0,0,0,0,0,0,0,0,0,0,0,0,0,0,0,0,0,0
1416277562.52554,pg_catalog,pg_ts_template,0,0,0,0,0,0,0,0,0,0,0,0,0,0,,,,
1416277562.52554,pg_catalog,pg_foreign_server,0,0,0,0,0,0,0,0,0,0,0,0,0,0,,,,
1416277562.52554,pg_catalog,pg_default_acl,0,0,4112,0,0,0,0,0,0,0,0,0,477,3635,,,,
1416277562.52554,pg_toast,pg_toast_12198,0,0,0,0,0,0,0,0,0,0,0,0,0,0,,,,
1416277562.52554,public,region,2,10,0,0,5,0,0,0,5,0,1,3,0,0,,,,
1416277562.52554,pg_toast,pg_toast_12208,0,0,0,0,0,0,0,0,0,0,0,0,0,0,,,,
1416277562.52554,pg_catalog,pg_attribute,3718,24674,1103310,2186435,7588,248,7424,212,2411,406,98069,1089973,44794,2244821,,,,
1416277562.52554,pg_catalog,pg_statistic,0,0,259237,204709,1708,4273,1661,3796,557,0,42012,175491,21141,537474,12669,57661,2043,80887
1416277562.52554,pg_toast,pg_toast_12203,0,0,0,0,0,0,0,0,0,0,0,0,0,0,,,,
1416277562.52554,pg_toast,pg_toast_2618,0,0,13450,43676,0,0,0,0,0,0,10059,13442,3887,16361,,,,
1416277562.52554,pg_toast,pg_toast_3596,0,0,0,0,0,0,0,0,0,0,0,0,0,0,,,,
1416277562.52554,pg_catalog,pg_depend,0,0,43159,46467,7935,0,7866,0,6273,1148,7926,54696,13503,109694,,,,
1416277562.52554,public,supplier,4,400000,0,0,100000,0,0,0,100000,0,2312,15648,0,0,,,,
1416277562.52554,information_schema,sql_languages,0,0,,,0,0,0,0,0,0,0,0,,,0,0,0,0
1416277562.52554,pg_catalog,pg_opclass,676,676,227268,2461356,0,0,0,0,0,0,13300,845994,26175,269554,,,,
1416277562.52554,pg_catalog,pg_proc,0,0,472485,695681,0,0,0,0,0,0,75222,465544,70967,976866,0,0,0,0
1416277562.52554,information_schema,sql_implementation_info,0,0,,,0,0,0,0,0,0,0,0,,,0,0,0,0
1416277562.52554,pg_catalog,pg_trigger,0,0,0,0,0,0,0,0,0,0,0,0,0,0,0,0,0,0
1416277562.52554,pg_catalog,pg_am,48065,48065,0,0,0,0,0,0,0,0,7797,40268,0,0,,,,
1416277562.52554,pg_catalog,pg_largeobject_metadata,0,0,0,0,0,0,0,0,0,0,0,0,0,0,,,,
1416277562.52554,pg_catalog,pg_ts_config_map,0,0,0,0,0,0,0,0,0,0,0,0,0,0,,,,
1416277562.52554,pg_catalog,pg_type,0,0,932684,925227,2030,0,2011,0,349,109,24274,909944,30549,1875942,,,,
1416277562.52554,pg_catalog,pg_shdepend,0,0,5729,1067,0,0,0,0,0,0,491,576,2129,5648,,,,
1416277562.52554,information_schema,sql_sizing,0,0,,,0,0,0,0,0,0,0,0,,,0,0,0,0
1416277562.52554,pg_catalog,pg_conversion,0,0,0,0,0,0,0,0,0,0,0,0,0,0,,,,
1416277562.52554,pg_catalog,pg_foreign_data_wrapper,0,0,0,0,0,0,0,0,0,0,0,0,0,0,,,,
1416277562.52554,pg_catalog,pg_opfamily,0,0,0,0,0,0,0,0,0,0,0,0,0,0,,,,
1416277562.52554,public,nation,2,50,0,0,25,0,0,0,25,0,1,3,0,0,,,,
1416277562.52554,pg_catalog,pg_shdescription,0,0,0,0,0,0,0,0,0,0,0,0,0,0,0,0,0,0
1416277562.52554,pg_catalog,pg_tablespace,2,4,35042,35042,0,0,0,0,0,0,6194,28850,12422,57662,,,,
1416277562.52554,pg_catalog,pg_inherits,0,0,1018,0,0,0,0,0,0,0,0,0,500,518,,,,
1416277562.52554,public,orders,4,60000000,0,0,15000000,0,0,0,15000000,0,504554,1558780,0,0,,,,
1416277562.52554,pg_toast,pg_toast_2606,0,0,0,0,0,0,0,0,0,0,0,0,0,0,,,,
1416277562.52554,pg_toast,pg_toast_2964,0,0,0,0,0,0,0,0,0,0,0,0,0,0,,,,
1416277562.52554,pg_catalog,pg_database,9760,38476,201908,201906,1,0,0,0,1,0,8158,203509,36798,265720,,,,
1416277562.52554,pg_toast,pg_toast_2620,0,0,0,0,0,0,0,0,0,0,0,0,0,0,,,,
1416277562.52554,pg_toast,pg_toast_12213,0,0,0,0,0,0,0,0,0,0,0,0,0,0,,,,
1416277562.52554,pg_catalog,pg_amproc,676,1352,175566,261082,0,0,0,0,0,0,9839,163374,26644,371614,,,,
1416277562.52554,pg_catalog,pg_collation,0,0,0,0,0,0,0,0,0,0,0,0,0,0,,,,
1416277562.52554,pg_catalog,pg_constraint,0,0,391,192,199,0,192,0,9,24,112,1107,202,1985,0,0,0,0
1416277562.52554,pg_catalog,pg_range,0,0,7094,0,0,0,0,0,0,0,0,0,7251,6937,,,,
1416277562.52554,pg_catalog,pg_user_mapping,0,0,0,0,0,0,0,0,0,0,0,0,0,0,,,,
1416277562.52554,pg_catalog,pg_largeobject,0,0,0,0,0,0,0,0,0,0,0,0,0,0,,,,
1416277562.52554,pg_catalog,pg_namespace,7077,198316,546498,502588,38,0,0,0,38,0,6794,502967,17878,578970,,,,
1416277562.52554,public,lineitem,0,0,,,0,0,0,0,0,0,0,0,,,,,,
1416277562.52554,pg_catalog,pg_authid,3515,3515,88318,88318,0,0,0,0,0,0,6985,84848,25978,150658,,,,
1416277562.52554,pg_toast,pg_toast_12193,0,0,0,0,0,0,0,0,0,0,0,0,0,0,,,,
1416277562.52554,pg_catalog,pg_index,15743,1837775,392239,559824,939,0,919,0,130,51,29952,556168,28404,443029,,,,
1416277562.52554,pg_catalog,pg_ts_dict,0,0,0,0,0,0,0,0,0,0,0,0,0,0,,,,
1416277562.52554,information_schema,sql_features,0,0,,,0,0,0,0,0,0,0,0,,,0,0,0,0
1416277562.52554,pg_catalog,pg_class,39982,9926623,1633934,1575083,1967,521,1937,505,319,0,73705,1891998,60827,3289716,,,,
1416277562.52554,pg_toast,pg_toast_12183,0,0,0,0,0,0,0,0,0,0,0,0,0,0,,,,
1416277562.52554,information_schema,sql_sizing_profiles,0,0,,,0,0,0,0,0,0,0,0,,,0,0,0,0
1416277562.52554,pg_toast,pg_toast_2396,0,0,0,0,0,0,0,0,0,0,0,0,0,0,,,,
1416277562.52554,pg_catalog,pg_enum,0,0,0,0,0,0,0,0,0,0,0,0,0,0,,,,
1416277562.52554,pg_catalog,pg_db_role_setting,0,0,151053,0,0,0,0,0,0,0,0,0,8007,143046,0,0,0,0
1416277562.52554,public,part,6,12000000,0,0,2000000,0,0,0,2000000,0,79007,327715,0,0,,,,
1416277562.52554,pg_catalog,pg_seclabel,0,0,4661,0,0,0,0,0,0,0,0,0,522,4139,0,0,0,0
1416277562.52554,pg_toast,pg_toast_2609,0,0,0,0,0,0,0,0,0,0,0,0,0,0,,,,
1416277562.52554,pg_toast,pg_toast_1255,0,0,0,0,0,0,0,0,0,0,0,0,0,0,,,,
1416277562.52554,public,time_statistics,0,0,,,1,0,0,0,1,0,1,0,,,,,,
1416277562.52554,pg_catalog,pg_rewrite,0,0,26555,24992,521,0,521,0,106,50,12065,17103,5159,40281,10059,13442,3887,16361
1416277562.52554,pg_catalog,pg_ts_config,0,0,0,0,0,0,0,0,0,0,0,0,0,0,,,,
1416277562.52554,pg_catalog,pg_extension,0,0,0,0,0,0,0,0,0,0,0,0,0,0,,,,
1416277562.52554,pg_catalog,pg_amop,0,0,361878,507186,0,0,0,0,0,0,20823,486363,35413,745913,,,,
1416277562.52554,pg_catalog,pg_cast,0,0,1174625,318645,0,0,0,0,0,0,9033,309612,11500,1205878,,,,
1416277562.52554,pg_toast,pg_toast_2619,0,0,43237,140364,1991,0,1782,0,231,12,12669,57661,2043,80887,,,,
1416277562.52554,pg_toast,pg_toast_2604,0,0,0,0,0,0,0,0,0,0,0,0,0,0,,,,
1416277622.52407,public,partsupp,3,24000000,0,0,8000000,0,0,0,8000000,0,340611,954509,0,0,,,,
1416277622.52407,pg_catalog,pg_auth_members,0,0,0,0,0,0,0,0,0,0,0,0,0,0,,,,
1416277622.52407,pg_catalog,pg_operator,0,0,280439,1230149,0,0,0,0,0,0,61203,821902,46399,580928,,,,
1416277622.52407,pg_catalog,pg_aggregate,0,0,18904,18904,0,0,0,0,0,0,4670,14234,9390,24266,,,,
1416277622.52407,pg_catalog,pg_pltemplate,0,0,0,0,0,0,0,0,0,0,0,0,0,0,,,,
1416277622.52407,pg_toast,pg_toast_12188,0,0,0,0,0,0,0,0,0,0,0,0,0,0,,,,
1416277622.52407,pg_catalog,pg_description,0,0,4661,0,0,0,0,0,0,0,0,0,1682,8658,0,0,0,0
1416277622.52407,pg_catalog,pg_language,0,0,0,0,0,0,0,0,0,0,0,0,0,0,,,,
1416277622.52407,pg_catalog,pg_ts_parser,0,0,0,0,0,0,0,0,0,0,0,0,0,0,,,,
1416277622.52407,pg_catalog,pg_shseclabel,0,0,0,0,0,0,0,0,0,0,0,0,0,0,,,,
1416277622.52407,pg_catalog,pg_foreign_table,0,0,0,0,0,0,0,0,0,0,0,0,0,0,,,,
1416277622.52407,public,customer,6,9000000,0,0,1500000,0,0,0,1500000,0,68533,294857,0,0,,,,
1416277622.52407,information_schema,sql_packages,0,0,,,0,0,0,0,0,0,0,0,,,0,0,0,0
1416277622.52407,information_schema,sql_parts,0,0,,,0,0,0,0,0,0,0,0,,,0,0,0,0
1416277622.52407,pg_catalog,pg_attrdef,0,0,0,0,0,0,0,0,0,0,0,0,0,0,0,0,0,0
1416277622.52407,pg_catalog,pg_ts_template,0,0,0,0,0,0,0,0,0,0,0,0,0,0,,,,
1416277622.52407,pg_catalog,pg_foreign_server,0,0,0,0,0,0,0,0,0,0,0,0,0,0,,,,
1416277622.52407,pg_catalog,pg_default_acl,0,0,4112,0,0,0,0,0,0,0,0,0,477,3635,,,,
1416277622.52407,pg_toast,pg_toast_12198,0,0,0,0,0,0,0,0,0,0,0,0,0,0,,,,
1416277622.52407,public,region,2,10,0,0,5,0,0,0,5,0,1,3,0,0,,,,
1416277622.52407,pg_toast,pg_toast_12208,0,0,0,0,0,0,0,0,0,0,0,0,0,0,,,,
1416277622.52407,pg_catalog,pg_attribute,3718,24674,1103674,2187027,7588,248,7424,212,2411,406,98069,1090339,44794,2245560,,,,
1416277622.52407,pg_catalog,pg_statistic,0,0,259283,204745,1708,4273,1661,3796,557,0,42012,175527,21141,537575,12669,57667,2043,80905
1416277622.52407,pg_toast,pg_toast_12203,0,0,0,0,0,0,0,0,0,0,0,0,0,0,,,,
1416277622.52407,pg_toast,pg_toast_2618,0,0,13458,43702,0,0,0,0,0,0,10059,13456,3887,16373,,,,
1416277622.52407,pg_toast,pg_toast_3596,0,0,0,0,0,0,0,0,0,0,0,0,0,0,,,,
1416277622.52407,pg_catalog,pg_depend,0,0,43159,46467,7935,0,7866,0,6273,1148,7926,54696,13503,109694,,,,
1416277622.52407,public,supplier,4,400000,0,0,100000,0,0,0,100000,0,2312,15648,0,0,,,,
1416277622.52407,information_schema,sql_languages,0,0,,,0,0,0,0,0,0,0,0,,,0,0,0,0
1416277622.52407,pg_catalog,pg_opclass,676,676,227301,2461701,0,0,0,0,0,0,13300,846105,26175,269604,,,,
1416277622.52407,pg_catalog,pg_proc,0,0,472631,695890,0,0,0,0,0,0,75222,465717,70967,977185,0,0,0,0
1416277622.52407,information_schema,sql_implementation_info,0,0,,,0,0,0,0,0,0,0,0,,,0,0,0,0
1416277622.52407,pg_catalog,pg_trigger,0,0,0,0,0,0,0,0,0,0,0,0,0,0,0,0,0,0
1416277622.52407,pg_catalog,pg_am,48076,48076,0,0,0,0,0,0,0,0,7797,40279,0,0,,,,
1416277622.52407,pg_catalog,pg_largeobject_metadata,0,0,0,0,0,0,0,0,0,0,0,0,0,0,,,,
1416277622.52407,pg_catalog,pg_ts_config_map,0,0,0,0,0,0,0,0,0,0,0,0,0,0,,,,
1416277622.52407,pg_catalog,pg_type,0,0,932849,925392,2030,0,2011,0,349,109,24274,910109,30549,1876281,,,,
1416277622.52407,pg_catalog,pg_shdepend,0,0,5729,1067,0,0,0,0,0,0,491,576,2129,5648,,,,
1416277622.52407,information_schema,sql_sizing,0,0,,,0,0,0,0,0,0,0,0,,,0,0,0,0
1416277622.52407,pg_catalog,pg_conversion,0,0,0,0,0,0,0,0,0,0,0,0,0,0,,,,
1416277622.52407,pg_catalog,pg_foreign_data_wrapper,0,0,0,0,0,0,0,0,0,0,0,0,0,0,,,,
1416277622.52407,pg_catalog,pg_opfamily,0,0,0,0,0,0,0,0,0,0,0,0,0,0,,,,
1416277622.52407,public,nation,2,50,0,0,25,0,0,0,25,0,1,3,0,0,,,,
1416277622.52407,pg_catalog,pg_shdescription,0,0,0,0,0,0,0,0,0,0,0,0,0,0,0,0,0,0
1416277622.52407,pg_catalog,pg_tablespace,2,4,35051,35051,0,0,0,0,0,0,6194,28859,12422,57680,,,,
1416277622.52407,pg_catalog,pg_inherits,0,0,1018,0,0,0,0,0,0,0,0,0,500,518,,,,
1416277622.52407,public,orders,4,60000000,0,0,15000000,0,0,0,15000000,0,504554,1558780,0,0,,,,
1416277622.52407,pg_toast,pg_toast_2606,0,0,0,0,0,0,0,0,0,0,0,0,0,0,,,,
1416277622.52407,pg_toast,pg_toast_2964,0,0,0,0,0,0,0,0,0,0,0,0,0,0,,,,
1416277622.52407,pg_catalog,pg_database,9764,38492,201951,201949,1,0,0,0,1,0,8158,203556,36798,265787,,,,
1416277622.52407,pg_toast,pg_toast_2620,0,0,0,0,0,0,0,0,0,0,0,0,0,0,,,,
1416277622.52407,pg_toast,pg_toast_12213,0,0,0,0,0,0,0,0,0,0,0,0,0,0,,,,
1416277622.52407,pg_catalog,pg_amproc,676,1352,175596,261129,0,0,0,0,0,0,9839,163404,26644,371685,,,,
1416277622.52407,pg_catalog,pg_collation,0,0,0,0,0,0,0,0,0,0,0,0,0,0,,,,
1416277622.52407,pg_catalog,pg_constraint,0,0,391,192,199,0,192,0,9,24,112,1107,202,1985,0,0,0,0
1416277622.52407,pg_catalog,pg_range,0,0,7094,0,0,0,0,0,0,0,0,0,7251,6937,,,,
1416277622.52407,pg_catalog,pg_user_mapping,0,0,0,0,0,0,0,0,0,0,0,0,0,0,,,,
1416277622.52407,pg_catalog,pg_largeobject,0,0,0,0,0,0,0,0,0,0,0,0,0,0,,,,
1416277622.52407,pg_catalog,pg_namespace,7081,198492,546785,502866,38,0,0,0,38,0,6794,503249,17878,579268,,,,
1416277622.52407,public,lineitem,0,0,,,0,0,0,0,0,0,0,0,,,,,,
1416277622.52407,pg_catalog,pg_authid,3516,3516,88338,88338,0,0,0,0,0,0,6985,84869,25978,150698,,,,
1416277622.52407,pg_toast,pg_toast_12193,0,0,0,0,0,0,0,0,0,0,0,0,0,0,,,,
1416277622.52407,pg_catalog,pg_index,15751,1838815,392303,559906,939,0,919,0,130,51,29952,556272,28404,443113,,,,
1416277622.52407,pg_catalog,pg_ts_dict,0,0,0,0,0,0,0,0,0,0,0,0,0,0,,,,
1416277622.52407,information_schema,sql_features,0,0,,,0,0,0,0,0,0,0,0,,,0,0,0,0
1416277622.52407,pg_catalog,pg_class,40000,9931794,1634564,1575713,1967,521,1937,505,319,0,73705,1892810,60827,3290998,,,,
1416277622.52407,pg_toast,pg_toast_12183,0,0,0,0,0,0,0,0,0,0,0,0,0,0,,,,
1416277622.52407,information_schema,sql_sizing_profiles,0,0,,,0,0,0,0,0,0,0,0,,,0,0,0,0
1416277622.52407,pg_toast,pg_toast_2396,0,0,0,0,0,0,0,0,0,0,0,0,0,0,,,,
1416277622.52407,pg_catalog,pg_enum,0,0,0,0,0,0,0,0,0,0,0,0,0,0,,,,
1416277622.52407,pg_catalog,pg_db_role_setting,0,0,151089,0,0,0,0,0,0,0,0,0,8007,143082,0,0,0,0
1416277622.52407,public,part,6,12000000,0,0,2000000,0,0,0,2000000,0,79007,327715,0,0,,,,
1416277622.52407,pg_catalog,pg_seclabel,0,0,4661,0,0,0,0,0,0,0,0,0,522,4139,0,0,0,0
1416277622.52407,pg_toast,pg_toast_2609,0,0,0,0,0,0,0,0,0,0,0,0,0,0,,,,
1416277622.52407,pg_toast,pg_toast_1255,0,0,0,0,0,0,0,0,0,0,0,0,0,0,,,,
1416277622.52407,public,time_statistics,0,0,,,1,0,0,0,1,0,1,0,,,,,,
1416277622.52407,pg_catalog,pg_rewrite,0,0,26568,25005,521,0,521,0,106,50,12065,17116,5159,40303,10059,13456,3887,16373
1416277622.52407,pg_catalog,pg_ts_config,0,0,0,0,0,0,0,0,0,0,0,0,0,0,,,,
1416277622.52407,pg_catalog,pg_extension,0,0,0,0,0,0,0,0,0,0,0,0,0,0,,,,
1416277622.52407,pg_catalog,pg_amop,0,0,361938,507260,0,0,0,0,0,0,20823,486437,35413,746047,,,,
1416277622.52407,pg_catalog,pg_cast,0,0,1174754,318696,0,0,0,0,0,0,9033,309663,11500,1206016,,,,
1416277622.52407,pg_toast,pg_toast_2619,0,0,43243,140376,1991,0,1782,0,231,12,12669,57667,2043,80905,,,,
1416277622.52407,pg_toast,pg_toast_2604,0,0,0,0,0,0,0,0,0,0,0,0,0,0,,,,
1416277682.52588,public,partsupp,3,24000000,0,0,8000000,0,0,0,8000000,0,340611,954509,0,0,,,,
1416277682.52588,pg_catalog,pg_auth_members,0,0,0,0,0,0,0,0,0,0,0,0,0,0,,,,
1416277682.52588,pg_catalog,pg_operator,0,0,280473,1230183,0,0,0,0,0,0,61203,821936,46399,581012,,,,
1416277682.52588,pg_catalog,pg_aggregate,0,0,18906,18906,0,0,0,0,0,0,4670,14236,9390,24270,,,,
1416277682.52588,pg_catalog,pg_pltemplate,0,0,0,0,0,0,0,0,0,0,0,0,0,0,,,,
1416277682.52588,pg_toast,pg_toast_12188,0,0,0,0,0,0,0,0,0,0,0,0,0,0,,,,
1416277682.52588,pg_catalog,pg_description,0,0,4661,0,0,0,0,0,0,0,0,0,1682,8658,0,0,0,0
1416277682.52588,pg_catalog,pg_language,0,0,0,0,0,0,0,0,0,0,0,0,0,0,,,,
1416277682.52588,pg_catalog,pg_ts_parser,0,0,0,0,0,0,0,0,0,0,0,0,0,0,,,,
1416277682.52588,pg_catalog,pg_shseclabel,0,0,0,0,0,0,0,0,0,0,0,0,0,0,,,,
1416277682.52588,pg_catalog,pg_foreign_table,0,0,0,0,0,0,0,0,0,0,0,0,0,0,,,,
1416277682.52588,public,customer,6,9000000,0,0,1500000,0,0,0,1500000,0,68533,294857,0,0,,,,
1416277682.52588,information_schema,sql_packages,0,0,,,0,0,0,0,0,0,0,0,,,0,0,0,0
1416277682.52588,information_schema,sql_parts,0,0,,,0,0,0,0,0,0,0,0,,,0,0,0,0
1416277682.52588,pg_catalog,pg_attrdef,0,0,0,0,0,0,0,0,0,0,0,0,0,0,0,0,0,0
1416277682.52588,pg_catalog,pg_ts_template,0,0,0,0,0,0,0,0,0,0,0,0,0,0,,,,
1416277682.52588,pg_catalog,pg_foreign_server,0,0,0,0,0,0,0,0,0,0,0,0,0,0,,,,
1416277682.52588,pg_catalog,pg_default_acl,0,0,4112,0,0,0,0,0,0,0,0,0,477,3635,,,,
1416277682.52588,pg_toast,pg_toast_12198,0,0,0,0,0,0,0,0,0,0,0,0,0,0,,,,
1416277682.52588,public,region,2,10,0,0,5,0,0,0,5,0,1,3,0,0,,,,
1416277682.52588,pg_toast,pg_toast_12208,0,0,0,0,0,0,0,0,0,0,0,0,0,0,,,,
1416277682.52588,pg_catalog,pg_attribute,3718,24674,1104054,2187650,7588,248,7424,212,2411,406,98069,1090721,44794,2246331,,,,
1416277682.52588,pg_catalog,pg_statistic,0,0,259333,204783,1708,4273,1661,3796,557,0,42012,175565,21141,537685,12669,57673,2043,80923
1416277682.52588,pg_toast,pg_toast_12203,0,0,0,0,0,0,0,0,0,0,0,0,0,0,,,,
1416277682.52588,pg_toast,pg_toast_2618,0,0,13466,43728,0,0,0,0,0,0,10059,13470,3887,16385,,,,
1416277682.52588,pg_toast,pg_toast_3596,0,0,0,0,0,0,0,0,0,0,0,0,0,0,,,,
1416277682.52588,pg_catalog,pg_depend,0,0,43159,46467,7935,0,7866,0,6273,1148,7926,54696,13503,109694,,,,
1416277682.52588,public,supplier,4,400000,0,0,100000,0,0,0,100000,0,2312,15648,0,0,,,,
1416277682.52588,information_schema,sql_languages,0,0,,,0,0,0,0,0,0,0,0,,,0,0,0,0
1416277682.52588,pg_catalog,pg_opclass,676,676,227334,2462046,0,0,0,0,0,0,13300,846216,26175,269654,,,,
1416277682.52588,pg_catalog,pg_proc,0,0,472783,696112,0,0,0,0,0,0,75222,465899,70967,977519,0,0,0,0
1416277682.52588,information_schema,sql_implementation_info,0,0,,,0,0,0,0,0,0,0,0,,,0,0,0,0
1416277682.52588,pg_catalog,pg_trigger,0,0,0,0,0,0,0,0,0,0,0,0,0,0,0,0,0,0
1416277682.52588,pg_catalog,pg_am,48087,48087,0,0,0,0,0,0,0,0,7797,40290,0,0,,,,
1416277682.52588,pg_catalog,pg_largeobject_metadata,0,0,0,0,0,0,0,0,0,0,0,0,0,0,,,,
1416277682.52588,pg_catalog,pg_ts_config_map,0,0,0,0,0,0,0,0,0,0,0,0,0,0,,,,
1416277682.52588,pg_catalog,pg_type,0,0,933029,925572,2030,0,2011,0,349,109,24274,910289,30549,1876651,,,,
1416277682.52588,pg_catalog,pg_shdepend,0,0,5729,1067,0,0,0,0,0,0,491,576,2129,5648,,,,
1416277682.52588,information_schema,sql_sizing,0,0,,,0,0,0,0,0,0,0,0,,,0,0,0,0
1416277682.52588,pg_catalog,pg_conversion,0,0,0,0,0,0,0,0,0,0,0,0,0,0,,,,
1416277682.52588,pg_catalog,pg_foreign_data_wrapper,0,0,0,0,0,0,0,0,0,0,0,0,0,0,,,,
1416277682.52588,pg_catalog,pg_opfamily,0,0,0,0,0,0,0,0,0,0,0,0,0,0,,,,
1416277682.52588,public,nation,2,50,0,0,25,0,0,0,25,0,1,3,0,0,,,,
1416277682.52588,pg_catalog,pg_shdescription,0,0,0,0,0,0,0,0,0,0,0,0,0,0,0,0,0,0
1416277682.52588,pg_catalog,pg_tablespace,2,4,35061,35061,0,0,0,0,0,0,6194,28869,12422,57700,,,,
1416277682.52588,pg_catalog,pg_inherits,0,0,1018,0,0,0,0,0,0,0,0,0,500,518,,,,
1416277682.52588,public,orders,4,60000000,0,0,15000000,0,0,0,15000000,0,504554,1558780,0,0,,,,
1416277682.52588,pg_toast,pg_toast_2606,0,0,0,0,0,0,0,0,0,0,0,0,0,0,,,,
1416277682.52588,pg_toast,pg_toast_2964,0,0,0,0,0,0,0,0,0,0,0,0,0,0,,,,
1416277682.52588,pg_catalog,pg_database,9768,38508,201999,201997,1,0,0,0,1,0,8158,203608,36798,265859,,,,
1416277682.52588,pg_toast,pg_toast_2620,0,0,0,0,0,0,0,0,0,0,0,0,0,0,,,,
1416277682.52588,pg_toast,pg_toast_12213,0,0,0,0,0,0,0,0,0,0,0,0,0,0,,,,
1416277682.52588,pg_catalog,pg_amproc,676,1352,175627,261177,0,0,0,0,0,0,9839,163435,26644,371758,,,,
1416277682.52588,pg_catalog,pg_collation,0,0,0,0,0,0,0,0,0,0,0,0,0,0,,,,
1416277682.52588,pg_catalog,pg_constraint,0,0,391,192,199,0,192,0,9,24,112,1107,202,1985,0,0,0,0
1416277682.52588,pg_catalog,pg_range,0,0,7094,0,0,0,0,0,0,0,0,0,7251,6937,,,,
1416277682.52588,pg_catalog,pg_user_mapping,0,0,0,0,0,0,0,0,0,0,0,0,0,0,,,,
1416277682.52588,pg_catalog,pg_largeobject,0,0,0,0,0,0,0,0,0,0,0,0,0,0,,,,
1416277682.52588,pg_catalog,pg_namespace,7085,198668,547075,503146,38,0,0,0,38,0,6794,503533,17878,579570,,,,
1416277682.52588,public,lineitem,0,0,,,0,0,0,0,0,0,0,0,,,,,,
1416277682.52588,pg_catalog,pg_authid,3518,3518,88358,88358,0,0,0,0,0,0,6985,84891,25978,150738,,,,
1416277682.52588,pg_toast,pg_toast_12193,0,0,0,0,0,0,0,0,0,0,0,0,0,0,,,,
1416277682.52588,pg_catalog,pg_index,15759,1839855,392370,559993,939,0,919,0,130,51,29952,556379,28404,443201,,,,
1416277682.52588,pg_catalog,pg_ts_dict,0,0,0,0,0,0,0,0,0,0,0,0,0,0,,,,
1416277682.52588,information_schema,sql_features,0,0,,,0,0,0,0,0,0,0,0,,,0,0,0,0
1416277682.52588,pg_catalog,pg_class,40018,9936965,1635200,1576349,1967,521,1937,505,319,0,73705,1893628,60827,3292293,,,,
1416277682.52588,pg_toast,pg_toast_12183,0,0,0,0,0,0,0,0,0,0,0,0,0,0,,,,
1416277682.52588,information_schema,sql_sizing_profiles,0,0,,,0,0,0,0,0,0,0,0,,,0,0,0,0
1416277682.52588,pg_toast,pg_toast_2396,0,0,0,0,0,0,0,0,0,0,0,0,0,0,,,,
1416277682.52588,pg_catalog,pg_enum,0,0,0,0,0,0,0,0,0,0,0,0,0,0,,,,
1416277682.52588,pg_catalog,pg_db_role_setting,0,0,151125,0,0,0,0,0,0,0,0,0,8007,143118,0,0,0,0
1416277682.52588,public,part,6,12000000,0,0,2000000,0,0,0,2000000,0,79007,327715,0,0,,,,
1416277682.52588,pg_catalog,pg_seclabel,0,0,4661,0,0,0,0,0,0,0,0,0,522,4139,0,0,0,0
1416277682.52588,pg_toast,pg_toast_2609,0,0,0,0,0,0,0,0,0,0,0,0,0,0,,,,
1416277682.52588,pg_toast,pg_toast_1255,0,0,0,0,0,0,0,0,0,0,0,0,0,0,,,,
1416277682.52588,public,time_statistics,0,0,,,1,0,0,0,1,0,1,0,,,,,,
1416277682.52588,pg_catalog,pg_rewrite,0,0,26582,25019,521,0,521,0,106,50,12065,17130,5159,40327,10059,13470,3887,16385
1416277682.52588,pg_catalog,pg_ts_config,0,0,0,0,0,0,0,0,0,0,0,0,0,0,,,,
1416277682.52588,pg_catalog,pg_extension,0,0,0,0,0,0,0,0,0,0,0,0,0,0,,,,
1416277682.52588,pg_catalog,pg_amop,0,0,362004,507342,0,0,0,0,0,0,20823,486519,35413,746195,,,,
1416277682.52588,pg_catalog,pg_cast,0,0,1174890,318752,0,0,0,0,0,0,9033,309719,11500,1206162,,,,
1416277682.52588,pg_toast,pg_toast_2619,0,0,43249,140388,1991,0,1782,0,231,12,12669,57673,2043,80923,,,,
1416277682.52588,pg_toast,pg_toast_2604,0,0,0,0,0,0,0,0,0,0,0,0,0,0,,,,
1416277742.5297,public,partsupp,3,24000000,0,0,8000000,0,0,0,8000000,0,340611,954509,0,0,,,,
1416277742.5297,pg_catalog,pg_auth_members,0,0,0,0,0,0,0,0,0,0,0,0,0,0,,,,
1416277742.5297,pg_catalog,pg_operator,0,0,280510,1230220,0,0,0,0,0,0,61203,821973,46399,581105,,,,
1416277742.5297,pg_catalog,pg_aggregate,0,0,18908,18908,0,0,0,0,0,0,4670,14238,9390,24274,,,,
1416277742.5297,pg_catalog,pg_pltemplate,0,0,0,0,0,0,0,0,0,0,0,0,0,0,,,,
1416277742.5297,pg_toast,pg_toast_12188,0,0,0,0,0,0,0,0,0,0,0,0,0,0,,,,
1416277742.5297,pg_catalog,pg_description,0,0,4661,0,0,0,0,0,0,0,0,0,1682,8658,0,0,0,0
1416277742.5297,pg_catalog,pg_language,0,0,0,0,0,0,0,0,0,0,0,0,0,0,,,,
1416277742.5297,pg_catalog,pg_ts_parser,0,0,0,0,0,0,0,0,0,0,0,0,0,0,,,,
1416277742.5297,pg_catalog,pg_shseclabel,0,0,0,0,0,0,0,0,0,0,0,0,0,0,,,,
1416277742.5297,pg_catalog,pg_foreign_table,0,0,0,0,0,0,0,0,0,0,0,0,0,0,,,,
1416277742.5297,public,customer,6,9000000,0,0,1500000,0,0,0,1500000,0,68533,294857,0,0,,,,
1416277742.5297,information_schema,sql_packages,0,0,,,0,0,0,0,0,0,0,0,,,0,0,0,0
1416277742.5297,information_schema,sql_parts,0,0,,,0,0,0,0,0,0,0,0,,,0,0,0,0
1416277742.5297,pg_catalog,pg_attrdef,0,0,0,0,0,0,0,0,0,0,0,0,0,0,0,0,0,0
1416277742.5297,pg_catalog,pg_ts_template,0,0,0,0,0,0,0,0,0,0,0,0,0,0,,,,
1416277742.5297,pg_catalog,pg_foreign_server,0,0,0,0,0,0,0,0,0,0,0,0,0,0,,,,
1416277742.5297,pg_catalog,pg_default_acl,0,0,4112,0,0,0,0,0,0,0,0,0,477,3635,,,,
1416277742.5297,pg_toast,pg_toast_12198,0,0,0,0,0,0,0,0,0,0,0,0,0,0,,,,
1416277742.5297,public,region,2,10,0,0,5,0,0,0,5,0,1,3,0,0,,,,
1416277742.5297,pg_toast,pg_toast_12208,0,0,0,0,0,0,0,0,0,0,0,0,0,0,,,,
1416277742.5297,pg_catalog,pg_attribute,3718,24674,1104460,2188331,7588,248,7424,212,2411,406,98069,1091129,44794,2247154,,,,
1416277742.5297,pg_catalog,pg_statistic,0,0,259389,204825,1708,4273,1661,3796,557,0,42012,175607,21141,537809,12669,57680,2043,80944
1416277742.5297,pg_toast,pg_toast_12203,0,0,0,0,0,0,0,0,0,0,0,0,0,0,,,,
1416277742.5297,pg_toast,pg_toast_2618,0,0,13474,43754,0,0,0,0,0,0,10059,13484,3887,16397,,,,
1416277742.5297,pg_toast,pg_toast_3596,0,0,0,0,0,0,0,0,0,0,0,0,0,0,,,,
1416277742.5297,pg_catalog,pg_depend,0,0,43159,46467,7935,0,7866,0,6273,1148,7926,54696,13503,109694,,,,
1416277742.5297,public,supplier,4,400000,0,0,100000,0,0,0,100000,0,2312,15648,0,0,,,,
1416277742.5297,information_schema,sql_languages,0,0,,,0,0,0,0,0,0,0,0,,,0,0,0,0
1416277742.5297,pg_catalog,pg_opclass,676,676,227372,2462472,0,0,0,0,0,0,13300,846355,26175,269710,,,,
1416277742.5297,pg_catalog,pg_proc,0,0,472947,696360,0,0,0,0,0,0,75222,466099,70967,977883,0,0,0,0
1416277742.5297,information_schema,sql_implementation_info,0,0,,,0,0,0,0,0,0,0,0,,,0,0,0,0
1416277742.5297,pg_catalog,pg_trigger,0,0,0,0,0,0,0,0,0,0,0,0,0,0,0,0,0,0
1416277742.5297,pg_catalog,pg_am,48098,48098,0,0,0,0,0,0,0,0,7797,40301,0,0,,,,
1416277742.5297,pg_catalog,pg_largeobject_metadata,0,0,0,0,0,0,0,0,0,0,0,0,0,0,,,,
1416277742.5297,pg_catalog,pg_ts_config_map,0,0,0,0,0,0,0,0,0,0,0,0,0,0,,,,
1416277742.5297,pg_catalog,pg_type,0,0,933244,925787,2030,0,2011,0,349,109,24274,910504,30549,1877093,,,,
1416277742.5297,pg_catalog,pg_shdepend,0,0,5729,1067,0,0,0,0,0,0,491,576,2129,5648,,,,
1416277742.5297,information_schema,sql_sizing,0,0,,,0,0,0,0,0,0,0,0,,,0,0,0,0
1416277742.5297,pg_catalog,pg_conversion,0,0,0,0,0,0,0,0,0,0,0,0,0,0,,,,
1416277742.5297,pg_catalog,pg_foreign_data_wrapper,0,0,0,0,0,0,0,0,0,0,0,0,0,0,,,,
1416277742.5297,pg_catalog,pg_opfamily,0,0,0,0,0,0,0,0,0,0,0,0,0,0,,,,
1416277742.5297,public,nation,2,50,0,0,25,0,0,0,25,0,1,3,0,0,,,,
1416277742.5297,pg_catalog,pg_shdescription,0,0,0,0,0,0,0,0,0,0,0,0,0,0,0,0,0,0
1416277742.5297,pg_catalog,pg_tablespace,2,4,35073,35073,0,0,0,0,0,0,6194,28881,12422,57724,,,,
1416277742.5297,pg_catalog,pg_inherits,0,0,1018,0,0,0,0,0,0,0,0,0,500,518,,,,
1416277742.5297,public,orders,4,60000000,0,0,15000000,0,0,0,15000000,0,504554,1558780,0,0,,,,
1416277742.5297,pg_toast,pg_toast_2606,0,0,0,0,0,0,0,0,0,0,0,0,0,0,,,,
1416277742.5297,pg_toast,pg_toast_2964,0,0,0,0,0,0,0,0,0,0,0,0,0,0,,,,
1416277742.5297,pg_catalog,pg_database,9772,38524,202055,202053,1,0,0,0,1,0,8158,203668,36798,265939,,,,
1416277742.5297,pg_toast,pg_toast_2620,0,0,0,0,0,0,0,0,0,0,0,0,0,0,,,,
1416277742.5297,pg_toast,pg_toast_12213,0,0,0,0,0,0,0,0,0,0,0,0,0,0,,,,
1416277742.5297,pg_catalog,pg_amproc,676,1352,175663,261231,0,0,0,0,0,0,9839,163471,26644,371841,,,,
1416277742.5297,pg_catalog,pg_collation,0,0,0,0,0,0,0,0,0,0,0,0,0,0,,,,
1416277742.5297,pg_catalog,pg_constraint,0,0,391,192,199,0,192,0,9,24,112,1107,202,1985,0,0,0,0
1416277742.5297,pg_catalog,pg_range,0,0,7094,0,0,0,0,0,0,0,0,0,7251,6937,,,,
1416277742.5297,pg_catalog,pg_user_mapping,0,0,0,0,0,0,0,0,0,0,0,0,0,0,,,,
1416277742.5297,pg_catalog,pg_largeobject,0,0,0,0,0,0,0,0,0,0,0,0,0,0,,,,
1416277742.5297,pg_catalog,pg_namespace,7089,198844,547371,503430,38,0,0,0,38,0,6794,503821,17878,579880,,,,
1416277742.5297,public,lineitem,0,0,,,0,0,0,0,0,0,0,0,,,,,,
1416277742.5297,pg_catalog,pg_authid,3521,3521,88378,88378,0,0,0,0,0,0,6985,84914,25978,150778,,,,
1416277742.5297,pg_toast,pg_toast_12193,0,0,0,0,0,0,0,0,0,0,0,0,0,0,,,,
1416277742.5297,pg_catalog,pg_index,15767,1840895,392443,560089,939,0,919,0,130,51,29952,556492,28404,443297,,,,
1416277742.5297,pg_catalog,pg_ts_dict,0,0,0,0,0,0,0,0,0,0,0,0,0,0,,,,
1416277742.5297,information_schema,sql_features,0,0,,,0,0,0,0,0,0,0,0,,,0,0,0,0
1416277742.5297,pg_catalog,pg_class,40037,9942454,1635850,1576999,1967,521,1937,505,319,0,73705,1894470,60827,3293618,,,,
1416277742.5297,pg_toast,pg_toast_12183,0,0,0,0,0,0,0,0,0,0,0,0,0,0,,,,
1416277742.5297,information_schema,sql_sizing_profiles,0,0,,,0,0,0,0,0,0,0,0,,,0,0,0,0
1416277742.5297,pg_toast,pg_toast_2396,0,0,0,0,0,0,0,0,0,0,0,0,0,0,,,,
1416277742.5297,pg_catalog,pg_enum,0,0,0,0,0,0,0,0,0,0,0,0,0,0,,,,
1416277742.5297,pg_catalog,pg_db_role_setting,0,0,151161,0,0,0,0,0,0,0,0,0,8007,143154,0,0,0,0
1416277742.5297,public,part,6,12000000,0,0,2000000,0,0,0,2000000,0,79007,327715,0,0,,,,
1416277742.5297,pg_catalog,pg_seclabel,0,0,4661,0,0,0,0,0,0,0,0,0,522,4139,0,0,0,0
1416277742.5297,pg_toast,pg_toast_2609,0,0,0,0,0,0,0,0,0,0,0,0,0,0,,,,
1416277742.5297,pg_toast,pg_toast_1255,0,0,0,0,0,0,0,0,0,0,0,0,0,0,,,,
1416277742.5297,public,time_statistics,0,0,,,1,0,0,0,1,0,1,0,,,,,,
1416277742.5297,pg_catalog,pg_rewrite,0,0,26598,25035,521,0,521,0,106,50,12065,17146,5159,40355,10059,13484,3887,16397
1416277742.5297,pg_catalog,pg_ts_config,0,0,0,0,0,0,0,0,0,0,0,0,0,0,,,,
1416277742.5297,pg_catalog,pg_extension,0,0,0,0,0,0,0,0,0,0,0,0,0,0,,,,
1416277742.5297,pg_catalog,pg_amop,0,0,362086,507444,0,0,0,0,0,0,20823,486621,35413,746379,,,,
1416277742.5297,pg_catalog,pg_cast,0,0,1175061,318819,0,0,0,0,0,0,9033,309786,11500,1206345,,,,
1416277742.5297,pg_toast,pg_toast_2619,0,0,43256,140402,1991,0,1782,0,231,12,12669,57680,2043,80944,,,,
1416277742.5297,pg_toast,pg_toast_2604,0,0,0,0,0,0,0,0,0,0,0,0,0,0,,,,
1416277802.53108,public,partsupp,3,24000000,0,0,8000000,0,0,0,8000000,0,340611,954509,0,0,,,,
1416277802.53108,pg_catalog,pg_auth_members,0,0,0,0,0,0,0,0,0,0,0,0,0,0,,,,
1416277802.53108,pg_catalog,pg_operator,0,0,280544,1230254,0,0,0,0,0,0,61203,822007,46399,581189,,,,
1416277802.53108,pg_catalog,pg_aggregate,0,0,18910,18910,0,0,0,0,0,0,4670,14240,9390,24278,,,,
1416277802.53108,pg_catalog,pg_pltemplate,0,0,0,0,0,0,0,0,0,0,0,0,0,0,,,,
1416277802.53108,pg_toast,pg_toast_12188,0,0,0,0,0,0,0,0,0,0,0,0,0,0,,,,
1416277802.53108,pg_catalog,pg_description,0,0,4661,0,0,0,0,0,0,0,0,0,1682,8658,0,0,0,0
1416277802.53108,pg_catalog,pg_language,0,0,0,0,0,0,0,0,0,0,0,0,0,0,,,,
1416277802.53108,pg_catalog,pg_ts_parser,0,0,0,0,0,0,0,0,0,0,0,0,0,0,,,,
1416277802.53108,pg_catalog,pg_shseclabel,0,0,0,0,0,0,0,0,0,0,0,0,0,0,,,,
1416277802.53108,pg_catalog,pg_foreign_table,0,0,0,0,0,0,0,0,0,0,0,0,0,0,,,,
1416277802.53108,public,customer,6,9000000,0,0,1500000,0,0,0,1500000,0,68533,294857,0,0,,,,
1416277802.53108,information_schema,sql_packages,0,0,,,0,0,0,0,0,0,0,0,,,0,0,0,0
1416277802.53108,information_schema,sql_parts,0,0,,,0,0,0,0,0,0,0,0,,,0,0,0,0
1416277802.53108,pg_catalog,pg_attrdef,0,0,0,0,0,0,0,0,0,0,0,0,0,0,0,0,0,0
1416277802.53108,pg_catalog,pg_ts_template,0,0,0,0,0,0,0,0,0,0,0,0,0,0,,,,
1416277802.53108,pg_catalog,pg_foreign_server,0,0,0,0,0,0,0,0,0,0,0,0,0,0,,,,
1416277802.53108,pg_catalog,pg_default_acl,0,0,4112,0,0,0,0,0,0,0,0,0,477,3635,,,,
1416277802.53108,pg_toast,pg_toast_12198,0,0,0,0,0,0,0,0,0,0,0,0,0,0,,,,
1416277802.53108,public,region,2,10,0,0,5,0,0,0,5,0,1,3,0,0,,,,
1416277802.53108,pg_toast,pg_toast_12208,0,0,0,0,0,0,0,0,0,0,0,0,0,0,,,,
1416277802.53108,pg_catalog,pg_attribute,3718,24674,1104857,2189010,7588,248,7424,212,2411,406,98069,1091528,44794,2247967,,,,
1416277802.53108,pg_catalog,pg_statistic,0,0,259439,204863,1708,4273,1661,3796,557,0,42012,175645,21141,537919,12669,57686,2043,80962
1416277802.53108,pg_toast,pg_toast_12203,0,0,0,0,0,0,0,0,0,0,0,0,0,0,,,,
1416277802.53108,pg_toast,pg_toast_2618,0,0,13482,43780,0,0,0,0,0,0,10059,13498,3887,16409,,,,
1416277802.53108,pg_toast,pg_toast_3596,0,0,0,0,0,0,0,0,0,0,0,0,0,0,,,,
1416277802.53108,pg_catalog,pg_depend,0,0,43159,46467,7935,0,7866,0,6273,1148,7926,54696,13503,109694,,,,
1416277802.53108,public,supplier,4,400000,0,0,100000,0,0,0,100000,0,2312,15648,0,0,,,,
1416277802.53108,information_schema,sql_languages,0,0,,,0,0,0,0,0,0,0,0,,,0,0,0,0
1416277802.53108,pg_catalog,pg_opclass,676,676,227413,2462825,0,0,0,0,0,0,13300,846474,26175,269776,,,,
1416277802.53108,pg_catalog,pg_proc,0,0,473099,696582,0,0,0,0,0,0,75222,466281,70967,978217,0,0,0,0
1416277802.53108,information_schema,sql_implementation_info,0,0,,,0,0,0,0,0,0,0,0,,,0,0,0,0
1416277802.53108,pg_catalog,pg_trigger,0,0,0,0,0,0,0,0,0,0,0,0,0,0,0,0,0,0
1416277802.53108,pg_catalog,pg_am,48117,48117,0,0,0,0,0,0,0,0,7797,40320,0,0,,,,
1416277802.53108,pg_catalog,pg_largeobject_metadata,0,0,0,0,0,0,0,0,0,0,0,0,0,0,,,,
1416277802.53108,pg_catalog,pg_ts_config_map,0,0,0,0,0,0,0,0,0,0,0,0,0,0,,,,
1416277802.53108,pg_catalog,pg_type,0,0,933429,925972,2030,0,2011,0,349,109,24274,910689,30549,1877474,,,,
1416277802.53108,pg_catalog,pg_shdepend,0,0,5729,1067,0,0,0,0,0,0,491,576,2129,5648,,,,
1416277802.53108,information_schema,sql_sizing,0,0,,,0,0,0,0,0,0,0,0,,,0,0,0,0
1416277802.53108,pg_catalog,pg_conversion,0,0,0,0,0,0,0,0,0,0,0,0,0,0,,,,
1416277802.53108,pg_catalog,pg_foreign_data_wrapper,0,0,0,0,0,0,0,0,0,0,0,0,0,0,,,,
1416277802.53108,pg_catalog,pg_opfamily,0,0,0,0,0,0,0,0,0,0,0,0,0,0,,,,
1416277802.53108,public,nation,2,50,0,0,25,0,0,0,25,0,1,3,0,0,,,,
1416277802.53108,pg_catalog,pg_shdescription,0,0,0,0,0,0,0,0,0,0,0,0,0,0,0,0,0,0
1416277802.53108,pg_catalog,pg_tablespace,2,4,35083,35083,0,0,0,0,0,0,6194,28891,12422,57744,,,,
1416277802.53108,pg_catalog,pg_inherits,0,0,1018,0,0,0,0,0,0,0,0,0,500,518,,,,
1416277802.53108,public,orders,4,60000000,0,0,15000000,0,0,0,15000000,0,504554,1558780,0,0,,,,
1416277802.53108,pg_toast,pg_toast_2606,0,0,0,0,0,0,0,0,0,0,0,0,0,0,,,,
1416277802.53108,pg_toast,pg_toast_2964,0,0,0,0,0,0,0,0,0,0,0,0,0,0,,,,
1416277802.53108,pg_catalog,pg_database,9776,38540,202143,202141,1,0,0,0,1,0,8158,203760,36798,266067,,,,
1416277802.53108,pg_toast,pg_toast_2620,0,0,0,0,0,0,0,0,0,0,0,0,0,0,,,,
1416277802.53108,pg_toast,pg_toast_12213,0,0,0,0,0,0,0,0,0,0,0,0,0,0,,,,
1416277802.53108,pg_catalog,pg_amproc,676,1352,175702,261295,0,0,0,0,0,0,9839,163510,26644,371938,,,,
1416277802.53108,pg_catalog,pg_collation,0,0,0,0,0,0,0,0,0,0,0,0,0,0,,,,
1416277802.53108,pg_catalog,pg_constraint,0,0,391,192,199,0,192,0,9,24,112,1107,202,1985,0,0,0,0
1416277802.53108,pg_catalog,pg_range,0,0,7094,0,0,0,0,0,0,0,0,0,7251,6937,,,,
1416277802.53108,pg_catalog,pg_user_mapping,0,0,0,0,0,0,0,0,0,0,0,0,0,0,,,,
1416277802.53108,pg_catalog,pg_largeobject,0,0,0,0,0,0,0,0,0,0,0,0,0,0,,,,
1416277802.53108,pg_catalog,pg_namespace,7093,199020,547664,503712,38,0,0,0,38,0,6794,504107,17878,580187,,,,
1416277802.53108,public,lineitem,0,0,,,59986052,0,0,0,59986052,0,1065680,2307885,,,,,,
1416277802.53108,pg_catalog,pg_authid,3523,3523,88414,88414,0,0,0,0,0,0,6985,84952,25978,150850,,,,
1416277802.53108,pg_toast,pg_toast_12193,0,0,0,0,0,0,0,0,0,0,0,0,0,0,,,,
1416277802.53108,pg_catalog,pg_index,15775,1841935,392518,560184,939,0,919,0,130,51,29952,556607,28404,443401,,,,
1416277802.53108,pg_catalog,pg_ts_dict,0,0,0,0,0,0,0,0,0,0,0,0,0,0,,,,
1416277802.53108,information_schema,sql_features,0,0,,,0,0,0,0,0,0,0,0,,,0,0,0,0
1416277802.53108,pg_catalog,pg_class,40055,9947625,1636507,1577655,1967,521,1937,505,319,0,73705,1895308,60827,3294964,,,,
1416277802.53108,pg_toast,pg_toast_12183,0,0,0,0,0,0,0,0,0,0,0,0,0,0,,,,
1416277802.53108,information_schema,sql_sizing_profiles,0,0,,,0,0,0,0,0,0,0,0,,,0,0,0,0
1416277802.53108,pg_toast,pg_toast_2396,0,0,0,0,0,0,0,0,0,0,0,0,0,0,,,,
1416277802.53108,pg_catalog,pg_enum,0,0,0,0,0,0,0,0,0,0,0,0,0,0,,,,
1416277802.53108,pg_catalog,pg_db_role_setting,0,0,151221,0,0,0,0,0,0,0,0,0,8007,143214,0,0,0,0
1416277802.53108,public,part,6,12000000,0,0,2000000,0,0,0,2000000,0,79007,327715,0,0,,,,
1416277802.53108,pg_catalog,pg_seclabel,0,0,4661,0,0,0,0,0,0,0,0,0,522,4139,0,0,0,0
1416277802.53108,pg_toast,pg_toast_2609,0,0,0,0,0,0,0,0,0,0,0,0,0,0,,,,
1416277802.53108,pg_toast,pg_toast_1255,0,0,0,0,0,0,0,0,0,0,0,0,0,0,,,,
1416277802.53108,public,time_statistics,0,0,,,1,0,0,0,1,0,1,0,,,,,,
1416277802.53108,pg_catalog,pg_rewrite,0,0,26612,25049,521,0,521,0,106,50,12065,17160,5159,40379,10059,13498,3887,16409
1416277802.53108,pg_catalog,pg_ts_config,0,0,0,0,0,0,0,0,0,0,0,0,0,0,,,,
1416277802.53108,pg_catalog,pg_extension,0,0,0,0,0,0,0,0,0,0,0,0,0,0,,,,
1416277802.53108,pg_catalog,pg_amop,0,0,362152,507526,0,0,0,0,0,0,20823,486703,35413,746527,,,,
1416277802.53108,pg_catalog,pg_cast,0,0,1175197,318875,0,0,0,0,0,0,9033,309842,11500,1206491,,,,
1416277802.53108,pg_toast,pg_toast_2619,0,0,43262,140414,1991,0,1782,0,231,12,12669,57686,2043,80962,,,,
1416277802.53108,pg_toast,pg_toast_2604,0,0,0,0,0,0,0,0,0,0,0,0,0,0,,,,
1416277862.53447,public,partsupp,3,24000000,0,0,8000000,0,0,0,8000000,0,340611,954509,0,0,,,,
1416277862.53447,pg_catalog,pg_auth_members,0,0,0,0,0,0,0,0,0,0,0,0,0,0,,,,
1416277862.53447,pg_catalog,pg_operator,0,0,280579,1230289,0,0,0,0,0,0,61203,822042,46400,581275,,,,
1416277862.53447,pg_catalog,pg_aggregate,0,0,18912,18912,0,0,0,0,0,0,4670,14242,9390,24282,,,,
1416277862.53447,pg_catalog,pg_pltemplate,0,0,0,0,0,0,0,0,0,0,0,0,0,0,,,,
1416277862.53447,pg_toast,pg_toast_12188,0,0,0,0,0,0,0,0,0,0,0,0,0,0,,,,
1416277862.53447,pg_catalog,pg_description,0,0,4661,0,0,0,0,0,0,0,0,0,1682,8658,0,0,0,0
1416277862.53447,pg_catalog,pg_language,0,0,0,0,0,0,0,0,0,0,0,0,0,0,,,,
1416277862.53447,pg_catalog,pg_ts_parser,0,0,0,0,0,0,0,0,0,0,0,0,0,0,,,,
1416277862.53447,pg_catalog,pg_shseclabel,0,0,0,0,0,0,0,0,0,0,0,0,0,0,,,,
1416277862.53447,pg_catalog,pg_foreign_table,0,0,0,0,0,0,0,0,0,0,0,0,0,0,,,,
1416277862.53447,public,customer,6,9000000,0,0,1500000,0,0,0,1500000,0,68533,294857,0,0,,,,
1416277862.53447,information_schema,sql_packages,0,0,,,0,0,0,0,0,0,0,0,,,0,0,0,0
1416277862.53447,information_schema,sql_parts,0,0,,,0,0,0,0,0,0,0,0,,,0,0,0,0
1416277862.53447,pg_catalog,pg_attrdef,0,0,0,0,0,0,0,0,0,0,0,0,0,0,0,0,0,0
1416277862.53447,pg_catalog,pg_ts_template,0,0,0,0,0,0,0,0,0,0,0,0,0,0,,,,
1416277862.53447,pg_catalog,pg_foreign_server,0,0,0,0,0,0,0,0,0,0,0,0,0,0,,,,
1416277862.53447,pg_catalog,pg_default_acl,0,0,4112,0,0,0,0,0,0,0,0,0,477,3635,,,,
1416277862.53447,pg_toast,pg_toast_12198,0,0,0,0,0,0,0,0,0,0,0,0,0,0,,,,
1416277862.53447,public,region,2,10,0,0,5,0,0,0,5,0,1,3,0,0,,,,
1416277862.53447,pg_toast,pg_toast_12208,0,0,0,0,0,0,0,0,0,0,0,0,0,0,,,,
1416277862.53447,pg_catalog,pg_attribute,3718,24674,1105226,2189676,7590,248,7424,212,2413,406,98069,1091907,44794,2248723,,,,
1416277862.53447,pg_catalog,pg_statistic,0,0,259483,204897,1708,4273,1661,3796,557,0,42012,175679,21141,538015,12669,57691,2043,80977
1416277862.53447,pg_toast,pg_toast_12203,0,0,0,0,0,0,0,0,0,0,0,0,0,0,,,,
1416277862.53447,pg_toast,pg_toast_2618,0,0,13490,43806,0,0,0,0,0,0,10059,13512,3887,16421,,,,
1416277862.53447,pg_toast,pg_toast_3596,0,0,0,0,0,0,0,0,0,0,0,0,0,0,,,,
1416277862.53447,pg_catalog,pg_depend,0,0,43170,46478,7941,0,7866,0,6279,1148,7926,54719,13503,109744,,,,
1416277862.53447,public,supplier,4,400000,0,0,100000,0,0,0,100000,0,2312,15648,0,0,,,,
1416277862.53447,information_schema,sql_languages,0,0,,,0,0,0,0,0,0,0,0,,,0,0,0,0
1416277862.53447,pg_catalog,pg_opclass,676,676,227444,2463172,0,0,0,0,0,0,13300,846576,26175,269822,,,,
1416277862.53447,pg_catalog,pg_proc,0,0,473241,696780,0,0,0,0,0,0,75223,466446,70967,978527,0,0,0,0
1416277862.53447,information_schema,sql_implementation_info,0,0,,,0,0,0,0,0,0,0,0,,,0,0,0,0
1416277862.53447,pg_catalog,pg_trigger,0,0,0,0,0,0,0,0,0,0,0,0,0,0,0,0,0,0
1416277862.53447,pg_catalog,pg_am,48127,48127,0,0,0,0,0,0,0,0,7797,40330,0,0,,,,
1416277862.53447,pg_catalog,pg_largeobject_metadata,0,0,0,0,0,0,0,0,0,0,0,0,0,0,,,,
1416277862.53447,pg_catalog,pg_ts_config_map,0,0,0,0,0,0,0,0,0,0,0,0,0,0,,,,
1416277862.53447,pg_catalog,pg_type,0,0,933579,926122,2030,0,2011,0,349,109,24274,910839,30549,1877784,,,,
1416277862.53447,pg_catalog,pg_shdepend,0,0,5729,1067,0,0,0,0,0,0,491,576,2129,5648,,,,
1416277862.53447,information_schema,sql_sizing,0,0,,,0,0,0,0,0,0,0,0,,,0,0,0,0
1416277862.53447,pg_catalog,pg_conversion,0,0,0,0,0,0,0,0,0,0,0,0,0,0,,,,
1416277862.53447,pg_catalog,pg_foreign_data_wrapper,0,0,0,0,0,0,0,0,0,0,0,0,0,0,,,,
1416277862.53447,pg_catalog,pg_opfamily,0,0,0,0,0,0,0,0,0,0,0,0,0,0,,,,
1416277862.53447,public,nation,2,50,0,0,25,0,0,0,25,0,1,3,0,0,,,,
1416277862.53447,pg_catalog,pg_shdescription,0,0,0,0,0,0,0,0,0,0,0,0,0,0,0,0,0,0
1416277862.53447,pg_catalog,pg_tablespace,2,4,35091,35091,0,0,0,0,0,0,6194,28899,12422,57760,,,,
1416277862.53447,pg_catalog,pg_inherits,0,0,1018,0,0,0,0,0,0,0,0,0,500,518,,,,
1416277862.53447,public,orders,4,60000000,0,0,15000000,0,0,0,15000000,0,504554,1558780,0,0,,,,
1416277862.53447,pg_toast,pg_toast_2606,0,0,0,0,0,0,0,0,0,0,0,0,0,0,,,,
1416277862.53447,pg_toast,pg_toast_2964,0,0,0,0,0,0,0,0,0,0,0,0,0,0,,,,
1416277862.53447,pg_catalog,pg_database,9780,38556,202181,202179,1,0,0,0,1,0,8158,203802,36798,266123,,,,
1416277862.53447,pg_toast,pg_toast_2620,0,0,0,0,0,0,0,0,0,0,0,0,0,0,,,,
1416277862.53447,pg_toast,pg_toast_12213,0,0,0,0,0,0,0,0,0,0,0,0,0,0,,,,
1416277862.53447,pg_catalog,pg_amproc,676,1352,175727,261335,0,0,0,0,0,0,9839,163535,26644,371996,,,,
1416277862.53447,pg_catalog,pg_collation,0,0,0,0,0,0,0,0,0,0,0,0,0,0,,,,
1416277862.53447,pg_catalog,pg_constraint,0,0,391,192,199,0,192,0,9,24,112,1107,202,1985,0,0,0,0
1416277862.53447,pg_catalog,pg_range,0,0,7094,0,0,0,0,0,0,0,0,0,7251,6937,,,,
1416277862.53447,pg_catalog,pg_user_mapping,0,0,0,0,0,0,0,0,0,0,0,0,0,0,,,,
1416277862.53447,pg_catalog,pg_largeobject,0,0,0,0,0,0,0,0,0,0,0,0,0,0,,,,
1416277862.53447,pg_catalog,pg_namespace,7097,199196,547955,503993,38,0,0,0,38,0,6794,504392,17878,580491,,,,
1416277862.53447,public,lineitem,2,119972104,0,0,59986052,0,0,0,59986052,0,2183977,3320422,0,0,,,,
1416277862.53447,pg_catalog,pg_authid,3524,3524,88428,88428,0,0,0,0,0,0,6985,84967,25978,150878,,,,
1416277862.53447,pg_toast,pg_toast_12193,0,0,0,0,0,0,0,0,0,0,0,0,0,0,,,,
1416277862.53447,pg_catalog,pg_index,15783,1842983,392592,560283,941,0,919,0,132,51,29952,556729,28404,443497,,,,
1416277862.53447,pg_catalog,pg_ts_dict,0,0,0,0,0,0,0,0,0,0,0,0,0,0,,,,
1416277862.53447,information_schema,sql_features,0,0,,,0,0,0,0,0,0,0,0,,,0,0,0,0
1416277862.53447,pg_catalog,pg_class,40072,9952496,1637158,1578300,1969,521,1937,505,321,0,73705,1896136,60827,3296294,,,,
1416277862.53447,pg_toast,pg_toast_12183,0,0,0,0,0,0,0,0,0,0,0,0,0,0,,,,
1416277862.53447,information_schema,sql_sizing_profiles,0,0,,,0,0,0,0,0,0,0,0,,,0,0,0,0
1416277862.53447,pg_toast,pg_toast_2396,0,0,0,0,0,0,0,0,0,0,0,0,0,0,,,,
1416277862.53447,pg_catalog,pg_enum,0,0,0,0,0,0,0,0,0,0,0,0,0,0,,,,
1416277862.53447,pg_catalog,pg_db_role_setting,0,0,151248,0,0,0,0,0,0,0,0,0,8007,143241,0,0,0,0
1416277862.53447,public,part,6,12000000,0,0,2000000,0,0,0,2000000,0,79007,327715,0,0,,,,
1416277862.53447,pg_catalog,pg_seclabel,0,0,4661,0,0,0,0,0,0,0,0,0,522,4139,0,0,0,0
1416277862.53447,pg_toast,pg_toast_2609,0,0,0,0,0,0,0,0,0,0,0,0,0,0,,,,
1416277862.53447,pg_toast,pg_toast_1255,0,0,0,0,0,0,0,0,0,0,0,0,0,0,,,,
1416277862.53447,public,time_statistics,0,0,,,1,0,0,0,1,0,1,0,,,,,,
1416277862.53447,pg_catalog,pg_rewrite,0,0,26624,25061,521,0,521,0,106,50,12065,17172,5159,40399,10059,13512,3887,16421
1416277862.53447,pg_catalog,pg_ts_config,0,0,0,0,0,0,0,0,0,0,0,0,0,0,,,,
1416277862.53447,pg_catalog,pg_extension,0,0,0,0,0,0,0,0,0,0,0,0,0,0,,,,
1416277862.53447,pg_catalog,pg_amop,0,0,362202,507588,0,0,0,0,0,0,20823,486765,35413,746639,,,,
1416277862.53447,pg_catalog,pg_cast,0,0,1175324,318934,0,0,0,0,0,0,9033,309901,11500,1206628,,,,
1416277862.53447,pg_toast,pg_toast_2619,0,0,43267,140424,1991,0,1782,0,231,12,12669,57691,2043,80977,,,,
1416277862.53447,pg_toast,pg_toast_2604,0,0,0,0,0,0,0,0,0,0,0,0,0,0,,,,
1416277922.53721,public,partsupp,3,24000000,0,0,8000000,0,0,0,8000000,0,340611,954509,0,0,,,,
1416277922.53721,pg_catalog,pg_auth_members,0,0,0,0,0,0,0,0,0,0,0,0,0,0,,,,
1416277922.53721,pg_catalog,pg_operator,0,0,280613,1230323,0,0,0,0,0,0,61203,822076,46400,581359,,,,
1416277922.53721,pg_catalog,pg_aggregate,0,0,18914,18914,0,0,0,0,0,0,4670,14244,9390,24286,,,,
1416277922.53721,pg_catalog,pg_pltemplate,0,0,0,0,0,0,0,0,0,0,0,0,0,0,,,,
1416277922.53721,pg_toast,pg_toast_12188,0,0,0,0,0,0,0,0,0,0,0,0,0,0,,,,
1416277922.53721,pg_catalog,pg_description,0,0,4661,0,0,0,0,0,0,0,0,0,1682,8658,0,0,0,0
1416277922.53721,pg_catalog,pg_language,0,0,0,0,0,0,0,0,0,0,0,0,0,0,,,,
1416277922.53721,pg_catalog,pg_ts_parser,0,0,0,0,0,0,0,0,0,0,0,0,0,0,,,,
1416277922.53721,pg_catalog,pg_shseclabel,0,0,0,0,0,0,0,0,0,0,0,0,0,0,,,,
1416277922.53721,pg_catalog,pg_foreign_table,0,0,0,0,0,0,0,0,0,0,0,0,0,0,,,,
1416277922.53721,public,customer,6,9000000,0,0,1500000,0,0,0,1500000,0,68533,294857,0,0,,,,
1416277922.53721,information_schema,sql_packages,0,0,,,0,0,0,0,0,0,0,0,,,0,0,0,0
1416277922.53721,information_schema,sql_parts,0,0,,,0,0,0,0,0,0,0,0,,,0,0,0,0
1416277922.53721,pg_catalog,pg_attrdef,0,0,0,0,0,0,0,0,0,0,0,0,0,0,0,0,0,0
1416277922.53721,pg_catalog,pg_ts_template,0,0,0,0,0,0,0,0,0,0,0,0,0,0,,,,
1416277922.53721,pg_catalog,pg_foreign_server,0,0,0,0,0,0,0,0,0,0,0,0,0,0,,,,
1416277922.53721,pg_catalog,pg_default_acl,0,0,4112,0,0,0,0,0,0,0,0,0,477,3635,,,,
1416277922.53721,pg_toast,pg_toast_12198,0,0,0,0,0,0,0,0,0,0,0,0,0,0,,,,
1416277922.53721,public,region,2,10,0,0,5,0,0,0,5,0,1,3,0,0,,,,
1416277922.53721,pg_toast,pg_toast_12208,0,0,0,0,0,0,0,0,0,0,0,0,0,0,,,,
1416277922.53721,pg_catalog,pg_attribute,3718,24674,1105606,2190299,7590,248,7424,212,2413,406,98069,1092289,44794,2249494,,,,
1416277922.53721,pg_catalog,pg_statistic,0,0,259533,204935,1708,4273,1661,3796,557,0,42012,175717,21141,538125,12669,57697,2043,80995
1416277922.53721,pg_toast,pg_toast_12203,0,0,0,0,0,0,0,0,0,0,0,0,0,0,,,,
1416277922.53721,pg_toast,pg_toast_2618,0,0,13498,43832,0,0,0,0,0,0,10059,13526,3887,16433,,,,
1416277922.53721,pg_toast,pg_toast_3596,0,0,0,0,0,0,0,0,0,0,0,0,0,0,,,,
1416277922.53721,pg_catalog,pg_depend,0,0,43170,46478,7941,0,7866,0,6279,1148,7926,54719,13503,109744,,,,
1416277922.53721,public,supplier,4,400000,0,0,100000,0,0,0,100000,0,2312,15648,0,0,,,,
1416277922.53721,information_schema,sql_languages,0,0,,,0,0,0,0,0,0,0,0,,,0,0,0,0
1416277922.53721,pg_catalog,pg_opclass,676,676,227477,2463517,0,0,0,0,0,0,13300,846687,26175,269872,,,,
1416277922.53721,pg_catalog,pg_proc,0,0,473393,697002,0,0,0,0,0,0,75223,466628,70967,978861,0,0,0,0
1416277922.53721,information_schema,sql_implementation_info,0,0,,,0,0,0,0,0,0,0,0,,,0,0,0,0
1416277922.53721,pg_catalog,pg_trigger,0,0,0,0,0,0,0,0,0,0,0,0,0,0,0,0,0,0
1416277922.53721,pg_catalog,pg_am,48138,48138,0,0,0,0,0,0,0,0,7797,40341,0,0,,,,
1416277922.53721,pg_catalog,pg_largeobject_metadata,0,0,0,0,0,0,0,0,0,0,0,0,0,0,,,,
1416277922.53721,pg_catalog,pg_ts_config_map,0,0,0,0,0,0,0,0,0,0,0,0,0,0,,,,
1416277922.53721,pg_catalog,pg_type,0,0,933759,926302,2030,0,2011,0,349,109,24274,911019,30549,1878154,,,,
1416277922.53721,pg_catalog,pg_shdepend,0,0,5729,1067,0,0,0,0,0,0,491,576,2129,5648,,,,
1416277922.53721,information_schema,sql_sizing,0,0,,,0,0,0,0,0,0,0,0,,,0,0,0,0
1416277922.53721,pg_catalog,pg_conversion,0,0,0,0,0,0,0,0,0,0,0,0,0,0,,,,
1416277922.53721,pg_catalog,pg_foreign_data_wrapper,0,0,0,0,0,0,0,0,0,0,0,0,0,0,,,,
1416277922.53721,pg_catalog,pg_opfamily,0,0,0,0,0,0,0,0,0,0,0,0,0,0,,,,
1416277922.53721,public,nation,2,50,0,0,25,0,0,0,25,0,1,3,0,0,,,,
1416277922.53721,pg_catalog,pg_shdescription,0,0,0,0,0,0,0,0,0,0,0,0,0,0,0,0,0,0
1416277922.53721,pg_catalog,pg_tablespace,2,4,35101,35101,0,0,0,0,0,0,6194,28909,12422,57780,,,,
1416277922.53721,pg_catalog,pg_inherits,0,0,1018,0,0,0,0,0,0,0,0,0,500,518,,,,
1416277922.53721,public,orders,4,60000000,0,0,15000000,0,0,0,15000000,0,504554,1558780,0,0,,,,
1416277922.53721,pg_toast,pg_toast_2606,0,0,0,0,0,0,0,0,0,0,0,0,0,0,,,,
1416277922.53721,pg_toast,pg_toast_2964,0,0,0,0,0,0,0,0,0,0,0,0,0,0,,,,
1416277922.53721,pg_catalog,pg_database,9784,38572,202240,202238,1,0,0,0,1,0,8158,203865,36798,266206,,,,
1416277922.53721,pg_toast,pg_toast_2620,0,0,0,0,0,0,0,0,0,0,0,0,0,0,,,,
1416277922.53721,pg_toast,pg_toast_12213,0,0,0,0,0,0,0,0,0,0,0,0,0,0,,,,
1416277922.53721,pg_catalog,pg_amproc,676,1352,175758,261383,0,0,0,0,0,0,9839,163566,26644,372069,,,,
1416277922.53721,pg_catalog,pg_collation,0,0,0,0,0,0,0,0,0,0,0,0,0,0,,,,
1416277922.53721,pg_catalog,pg_constraint,0,0,391,192,199,0,192,0,9,24,112,1107,202,1985,0,0,0,0
1416277922.53721,pg_catalog,pg_range,0,0,7094,0,0,0,0,0,0,0,0,0,7251,6937,,,,
1416277922.53721,pg_catalog,pg_user_mapping,0,0,0,0,0,0,0,0,0,0,0,0,0,0,,,,
1416277922.53721,pg_catalog,pg_largeobject,0,0,0,0,0,0,0,0,0,0,0,0,0,0,,,,
1416277922.53721,pg_catalog,pg_namespace,7101,199372,548250,504278,38,0,0,0,38,0,6794,504681,17878,580799,,,,
1416277922.53721,public,lineitem,2,119972104,0,0,59986052,0,0,0,59986052,0,2183977,3320422,0,0,,,,
1416277922.53721,pg_catalog,pg_authid,3526,3526,88448,88448,0,0,0,0,0,0,6985,84989,25978,150918,,,,
1416277922.53721,pg_toast,pg_toast_12193,0,0,0,0,0,0,0,0,0,0,0,0,0,0,,,,
1416277922.53721,pg_catalog,pg_index,15791,1844039,392659,560370,941,0,919,0,132,51,29952,556836,28404,443585,,,,
1416277922.53721,pg_catalog,pg_ts_dict,0,0,0,0,0,0,0,0,0,0,0,0,0,0,,,,
1416277922.53721,information_schema,sql_features,0,0,,,0,0,0,0,0,0,0,0,,,0,0,0,0
1416277922.53721,pg_catalog,pg_class,40090,9957699,1637803,1578945,1969,521,1937,505,321,0,73705,1896963,60827,3297607,,,,
1416277922.53721,pg_toast,pg_toast_12183,0,0,0,0,0,0,0,0,0,0,0,0,0,0,,,,
1416277922.53721,information_schema,sql_sizing_profiles,0,0,,,0,0,0,0,0,0,0,0,,,0,0,0,0
1416277922.53721,pg_toast,pg_toast_2396,0,0,0,0,0,0,0,0,0,0,0,0,0,0,,,,
1416277922.53721,pg_catalog,pg_enum,0,0,0,0,0,0,0,0,0,0,0,0,0,0,,,,
1416277922.53721,pg_catalog,pg_db_role_setting,0,0,151284,0,0,0,0,0,0,0,0,0,8007,143277,0,0,0,0
1416277922.53721,public,part,6,12000000,0,0,2000000,0,0,0,2000000,0,79007,327715,0,0,,,,
1416277922.53721,pg_catalog,pg_seclabel,0,0,4661,0,0,0,0,0,0,0,0,0,522,4139,0,0,0,0
1416277922.53721,pg_toast,pg_toast_2609,0,0,0,0,0,0,0,0,0,0,0,0,0,0,,,,
1416277922.53721,pg_toast,pg_toast_1255,0,0,0,0,0,0,0,0,0,0,0,0,0,0,,,,
1416277922.53721,public,time_statistics,0,0,,,1,0,0,0,1,0,1,0,,,,,,
1416277922.53721,pg_catalog,pg_rewrite,0,0,26638,25075,521,0,521,0,106,50,12065,17186,5159,40423,10059,13526,3887,16433
1416277922.53721,pg_catalog,pg_ts_config,0,0,0,0,0,0,0,0,0,0,0,0,0,0,,,,
1416277922.53721,pg_catalog,pg_extension,0,0,0,0,0,0,0,0,0,0,0,0,0,0,,,,
1416277922.53721,pg_catalog,pg_amop,0,0,362268,507670,0,0,0,0,0,0,20823,486847,35413,746787,,,,
1416277922.53721,pg_catalog,pg_cast,0,0,1175460,318990,0,0,0,0,0,0,9033,309957,11500,1206774,,,,
1416277922.53721,pg_toast,pg_toast_2619,0,0,43273,140436,1991,0,1782,0,231,12,12669,57697,2043,80995,,,,
1416277922.53721,pg_toast,pg_toast_2604,0,0,0,0,0,0,0,0,0,0,0,0,0,0,,,,
1416277982.53672,public,partsupp,3,24000000,0,0,8000000,0,0,0,8000000,0,340611,954509,0,0,,,,
1416277982.53672,pg_catalog,pg_auth_members,0,0,0,0,0,0,0,0,0,0,0,0,0,0,,,,
1416277982.53672,pg_catalog,pg_operator,0,0,280647,1230357,0,0,0,0,0,0,61203,822110,46400,581443,,,,
1416277982.53672,pg_catalog,pg_aggregate,0,0,18916,18916,0,0,0,0,0,0,4670,14246,9390,24290,,,,
1416277982.53672,pg_catalog,pg_pltemplate,0,0,0,0,0,0,0,0,0,0,0,0,0,0,,,,
1416277982.53672,pg_toast,pg_toast_12188,0,0,0,0,0,0,0,0,0,0,0,0,0,0,,,,
1416277982.53672,pg_catalog,pg_description,0,0,4661,0,0,0,0,0,0,0,0,0,1682,8658,0,0,0,0
1416277982.53672,pg_catalog,pg_language,0,0,0,0,0,0,0,0,0,0,0,0,0,0,,,,
1416277982.53672,pg_catalog,pg_ts_parser,0,0,0,0,0,0,0,0,0,0,0,0,0,0,,,,
1416277982.53672,pg_catalog,pg_shseclabel,0,0,0,0,0,0,0,0,0,0,0,0,0,0,,,,
1416277982.53672,pg_catalog,pg_foreign_table,0,0,0,0,0,0,0,0,0,0,0,0,0,0,,,,
1416277982.53672,public,customer,6,9000000,0,0,1500000,0,0,0,1500000,0,68533,294857,0,0,,,,
1416277982.53672,information_schema,sql_packages,0,0,,,0,0,0,0,0,0,0,0,,,0,0,0,0
1416277982.53672,information_schema,sql_parts,0,0,,,0,0,0,0,0,0,0,0,,,0,0,0,0
1416277982.53672,pg_catalog,pg_attrdef,0,0,0,0,0,0,0,0,0,0,0,0,0,0,0,0,0,0
1416277982.53672,pg_catalog,pg_ts_template,0,0,0,0,0,0,0,0,0,0,0,0,0,0,,,,
1416277982.53672,pg_catalog,pg_foreign_server,0,0,0,0,0,0,0,0,0,0,0,0,0,0,,,,
1416277982.53672,pg_catalog,pg_default_acl,0,0,4112,0,0,0,0,0,0,0,0,0,477,3635,,,,
1416277982.53672,pg_toast,pg_toast_12198,0,0,0,0,0,0,0,0,0,0,0,0,0,0,,,,
1416277982.53672,public,region,2,10,0,0,5,0,0,0,5,0,1,3,0,0,,,,
1416277982.53672,pg_toast,pg_toast_12208,0,0,0,0,0,0,0,0,0,0,0,0,0,0,,,,
1416277982.53672,pg_catalog,pg_attribute,3718,24674,1106008,2191025,7592,250,7424,214,2415,408,98069,1092700,44794,2250321,,,,
1416277982.53672,pg_catalog,pg_statistic,0,0,259583,204973,1708,4273,1661,3796,557,0,42012,175755,21141,538235,12669,57703,2043,81013
1416277982.53672,pg_toast,pg_toast_12203,0,0,0,0,0,0,0,0,0,0,0,0,0,0,,,,
1416277982.53672,pg_toast,pg_toast_2618,0,0,13506,43858,0,0,0,0,0,0,10059,13540,3887,16445,,,,
1416277982.53672,pg_toast,pg_toast_3596,0,0,0,0,0,0,0,0,0,0,0,0,0,0,,,,
1416277982.53672,pg_catalog,pg_depend,0,0,43175,46482,7944,0,7866,0,6282,1148,7926,54729,13503,109768,,,,
1416277982.53672,public,supplier,4,400000,0,0,100000,0,0,0,100000,0,2312,15648,0,0,,,,
1416277982.53672,information_schema,sql_languages,0,0,,,0,0,0,0,0,0,0,0,,,0,0,0,0
1416277982.53672,pg_catalog,pg_opclass,676,676,227518,2463950,0,0,0,0,0,0,13300,846822,26175,269934,,,,
1416277982.53672,pg_catalog,pg_proc,0,0,473545,697224,0,0,0,0,0,0,75223,466810,70967,979195,0,0,0,0
1416277982.53672,information_schema,sql_implementation_info,0,0,,,0,0,0,0,0,0,0,0,,,0,0,0,0
1416277982.53672,pg_catalog,pg_trigger,0,0,0,0,0,0,0,0,0,0,0,0,0,0,0,0,0,0
1416277982.53672,pg_catalog,pg_am,48153,48153,0,0,0,0,0,0,0,0,7797,40356,0,0,,,,
1416277982.53672,pg_catalog,pg_largeobject_metadata,0,0,0,0,0,0,0,0,0,0,0,0,0,0,,,,
1416277982.53672,pg_catalog,pg_ts_config_map,0,0,0,0,0,0,0,0,0,0,0,0,0,0,,,,
1416277982.53672,pg_catalog,pg_type,0,0,933940,926483,2030,0,2011,0,349,109,24274,911200,30549,1878527,,,,
1416277982.53672,pg_catalog,pg_shdepend,0,0,5729,1067,0,0,0,0,0,0,491,576,2129,5648,,,,
1416277982.53672,information_schema,sql_sizing,0,0,,,0,0,0,0,0,0,0,0,,,0,0,0,0
1416277982.53672,pg_catalog,pg_conversion,0,0,0,0,0,0,0,0,0,0,0,0,0,0,,,,
1416277982.53672,pg_catalog,pg_foreign_data_wrapper,0,0,0,0,0,0,0,0,0,0,0,0,0,0,,,,
1416277982.53672,pg_catalog,pg_opfamily,0,0,0,0,0,0,0,0,0,0,0,0,0,0,,,,
1416277982.53672,public,nation,2,50,0,0,25,0,0,0,25,0,1,3,0,0,,,,
1416277982.53672,pg_catalog,pg_shdescription,0,0,0,0,0,0,0,0,0,0,0,0,0,0,0,0,0,0
1416277982.53672,pg_catalog,pg_tablespace,2,4,35111,35111,0,0,0,0,0,0,6194,28919,12422,57800,,,,
1416277982.53672,pg_catalog,pg_inherits,0,0,1018,0,0,0,0,0,0,0,0,0,500,518,,,,
1416277982.53672,public,orders,4,60000000,0,0,15000000,0,0,0,15000000,0,504554,1558780,0,0,,,,
1416277982.53672,pg_toast,pg_toast_2606,0,0,0,0,0,0,0,0,0,0,0,0,0,0,,,,
1416277982.53672,pg_toast,pg_toast_2964,0,0,0,0,0,0,0,0,0,0,0,0,0,0,,,,
1416277982.53672,pg_catalog,pg_database,9788,38588,202308,202306,1,0,0,0,1,0,8158,203937,36798,266304,,,,
1416277982.53672,pg_toast,pg_toast_2620,0,0,0,0,0,0,0,0,0,0,0,0,0,0,,,,
1416277982.53672,pg_toast,pg_toast_12213,0,0,0,0,0,0,0,0,0,0,0,0,0,0,,,,
1416277982.53672,pg_catalog,pg_amproc,676,1352,175794,261441,0,0,0,0,0,0,9839,163602,26644,372155,,,,
1416277982.53672,pg_catalog,pg_collation,0,0,0,0,0,0,0,0,0,0,0,0,0,0,,,,
1416277982.53672,pg_catalog,pg_constraint,0,0,392,192,200,0,192,0,10,24,112,1111,202,1994,0,0,0,0
1416277982.53672,pg_catalog,pg_range,0,0,7094,0,0,0,0,0,0,0,0,0,7251,6937,,,,
1416277982.53672,pg_catalog,pg_user_mapping,0,0,0,0,0,0,0,0,0,0,0,0,0,0,,,,
1416277982.53672,pg_catalog,pg_largeobject,0,0,0,0,0,0,0,0,0,0,0,0,0,0,,,,
1416277982.53672,pg_catalog,pg_namespace,7105,199548,548548,504565,38,0,0,0,38,0,6794,504972,17878,581111,,,,
1416277982.53672,public,lineitem,4,239944208,0,0,59986052,0,0,0,59986052,0,4307881,3327352,0,0,,,,
1416277982.53672,pg_catalog,pg_authid,3528,3528,88474,88474,0,0,0,0,0,0,6985,85017,25978,150970,,,,
1416277982.53672,pg_toast,pg_toast_12193,0,0,0,0,0,0,0,0,0,0,0,0,0,0,,,,
1416277982.53672,pg_catalog,pg_index,15799,1845099,392744,560483,942,0,919,0,133,51,29952,556966,28404,443697,,,,
1416277982.53672,pg_catalog,pg_ts_dict,0,0,0,0,0,0,0,0,0,0,0,0,0,0,,,,
1416277982.53672,information_schema,sql_features,0,0,,,0,0,0,0,0,0,0,0,,,0,0,0,0
1416277982.53672,pg_catalog,pg_class,40108,9962911,1638477,1579616,1970,521,1937,505,322,0,73705,1897822,60827,3298986,,,,
1416277982.53672,pg_toast,pg_toast_12183,0,0,0,0,0,0,0,0,0,0,0,0,0,0,,,,
1416277982.53672,information_schema,sql_sizing_profiles,0,0,,,0,0,0,0,0,0,0,0,,,0,0,0,0
1416277982.53672,pg_toast,pg_toast_2396,0,0,0,0,0,0,0,0,0,0,0,0,0,0,,,,
1416277982.53672,pg_catalog,pg_enum,0,0,0,0,0,0,0,0,0,0,0,0,0,0,,,,
1416277982.53672,pg_catalog,pg_db_role_setting,0,0,151329,0,0,0,0,0,0,0,0,0,8007,143322,0,0,0,0
1416277982.53672,public,part,6,12000000,0,0,2000000,0,0,0,2000000,0,79007,327715,0,0,,,,
1416277982.53672,pg_catalog,pg_seclabel,0,0,4661,0,0,0,0,0,0,0,0,0,522,4139,0,0,0,0
1416277982.53672,pg_toast,pg_toast_2609,0,0,0,0,0,0,0,0,0,0,0,0,0,0,,,,
1416277982.53672,pg_toast,pg_toast_1255,0,0,0,0,0,0,0,0,0,0,0,0,0,0,,,,
1416277982.53672,public,time_statistics,0,0,,,1,0,0,0,1,0,1,0,,,,,,
1416277982.53672,pg_catalog,pg_rewrite,0,0,26652,25089,521,0,521,0,106,50,12065,17200,5159,40447,10059,13540,3887,16445
1416277982.53672,pg_catalog,pg_ts_config,0,0,0,0,0,0,0,0,0,0,0,0,0,0,,,,
1416277982.53672,pg_catalog,pg_extension,0,0,0,0,0,0,0,0,0,0,0,0,0,0,,,,
1416277982.53672,pg_catalog,pg_amop,0,0,362334,507752,0,0,0,0,0,0,20823,486929,35413,746935,,,,
1416277982.53672,pg_catalog,pg_cast,0,0,1175609,319053,0,0,0,0,0,0,9033,310020,11500,1206934,,,,
1416277982.53672,pg_toast,pg_toast_2619,0,0,43279,140448,1991,0,1782,0,231,12,12669,57703,2043,81013,,,,
1416277982.53672,pg_toast,pg_toast_2604,0,0,0,0,0,0,0,0,0,0,0,0,0,0,,,,
1416278042.53847,public,partsupp,3,24000000,0,0,8000000,0,0,0,8000000,0,340611,954509,0,0,,,,
1416278042.53847,pg_catalog,pg_auth_members,0,0,0,0,0,0,0,0,0,0,0,0,0,0,,,,
1416278042.53847,pg_catalog,pg_operator,0,0,280683,1230393,0,0,0,0,0,0,61203,822146,46400,581533,,,,
1416278042.53847,pg_catalog,pg_aggregate,0,0,18918,18918,0,0,0,0,0,0,4670,14248,9390,24294,,,,
1416278042.53847,pg_catalog,pg_pltemplate,0,0,0,0,0,0,0,0,0,0,0,0,0,0,,,,
1416278042.53847,pg_toast,pg_toast_12188,0,0,0,0,0,0,0,0,0,0,0,0,0,0,,,,
1416278042.53847,pg_catalog,pg_description,0,0,4661,0,0,0,0,0,0,0,0,0,1682,8658,0,0,0,0
1416278042.53847,pg_catalog,pg_language,0,0,0,0,0,0,0,0,0,0,0,0,0,0,,,,
1416278042.53847,pg_catalog,pg_ts_parser,0,0,0,0,0,0,0,0,0,0,0,0,0,0,,,,
1416278042.53847,pg_catalog,pg_shseclabel,0,0,0,0,0,0,0,0,0,0,0,0,0,0,,,,
1416278042.53847,pg_catalog,pg_foreign_table,0,0,0,0,0,0,0,0,0,0,0,0,0,0,,,,
1416278042.53847,public,customer,6,9000000,0,0,1500000,0,0,0,1500000,0,68533,294857,0,0,,,,
1416278042.53847,information_schema,sql_packages,0,0,,,0,0,0,0,0,0,0,0,,,0,0,0,0
1416278042.53847,information_schema,sql_parts,0,0,,,0,0,0,0,0,0,0,0,,,0,0,0,0
1416278042.53847,pg_catalog,pg_attrdef,0,0,0,0,0,0,0,0,0,0,0,0,0,0,0,0,0,0
1416278042.53847,pg_catalog,pg_ts_template,0,0,0,0,0,0,0,0,0,0,0,0,0,0,,,,
1416278042.53847,pg_catalog,pg_foreign_server,0,0,0,0,0,0,0,0,0,0,0,0,0,0,,,,
1416278042.53847,pg_catalog,pg_default_acl,0,0,4112,0,0,0,0,0,0,0,0,0,477,3635,,,,
1416278042.53847,pg_toast,pg_toast_12198,0,0,0,0,0,0,0,0,0,0,0,0,0,0,,,,
1416278042.53847,public,region,2,10,0,0,5,0,0,0,5,0,1,3,0,0,,,,
1416278042.53847,pg_toast,pg_toast_12208,0,0,0,0,0,0,0,0,0,0,0,0,0,0,,,,
1416278042.53847,pg_catalog,pg_attribute,3718,24674,1106419,2191846,7597,250,7424,214,2420,408,98069,1093127,44794,2251177,,,,
1416278042.53847,pg_catalog,pg_statistic,0,0,259633,205011,1708,4273,1661,3796,557,0,42012,175793,21141,538345,12669,57709,2043,81031
1416278042.53847,pg_toast,pg_toast_12203,0,0,0,0,0,0,0,0,0,0,0,0,0,0,,,,
1416278042.53847,pg_toast,pg_toast_2618,0,0,13514,43884,0,0,0,0,0,0,10059,13554,3887,16457,,,,
1416278042.53847,pg_toast,pg_toast_3596,0,0,0,0,0,0,0,0,0,0,0,0,0,0,,,,
1416278042.53847,pg_catalog,pg_depend,0,0,43188,46495,7951,0,7866,0,6289,1148,7926,54758,13508,109830,,,,
1416278042.53847,public,supplier,4,400000,0,0,100000,0,0,0,100000,0,2312,15648,0,0,,,,
1416278042.53847,information_schema,sql_languages,0,0,,,0,0,0,0,0,0,0,0,,,0,0,0,0
1416278042.53847,pg_catalog,pg_opclass,676,676,227564,2464508,0,0,0,0,0,0,13300,846986,26175,270000,,,,
1416278042.53847,pg_catalog,pg_proc,0,0,473698,697447,0,0,0,0,0,0,75223,466993,70967,979532,0,0,0,0
1416278042.53847,information_schema,sql_implementation_info,0,0,,,0,0,0,0,0,0,0,0,,,0,0,0,0
1416278042.53847,pg_catalog,pg_trigger,0,0,0,0,0,0,0,0,0,0,0,0,0,0,0,0,0,0
1416278042.53847,pg_catalog,pg_am,48167,48167,0,0,0,0,0,0,0,0,7797,40370,0,0,,,,
1416278042.53847,pg_catalog,pg_largeobject_metadata,0,0,0,0,0,0,0,0,0,0,0,0,0,0,,,,
1416278042.53847,pg_catalog,pg_ts_config_map,0,0,0,0,0,0,0,0,0,0,0,0,0,0,,,,
1416278042.53847,pg_catalog,pg_type,0,0,934125,926668,2030,0,2011,0,349,109,24274,911385,30549,1878910,,,,
1416278042.53847,pg_catalog,pg_shdepend,0,0,5729,1067,0,0,0,0,0,0,491,576,2129,5648,,,,
1416278042.53847,information_schema,sql_sizing,0,0,,,0,0,0,0,0,0,0,0,,,0,0,0,0
1416278042.53847,pg_catalog,pg_conversion,0,0,0,0,0,0,0,0,0,0,0,0,0,0,,,,
1416278042.53847,pg_catalog,pg_foreign_data_wrapper,0,0,0,0,0,0,0,0,0,0,0,0,0,0,,,,
1416278042.53847,pg_catalog,pg_opfamily,0,0,0,0,0,0,0,0,0,0,0,0,0,0,,,,
1416278042.53847,public,nation,2,50,0,0,25,0,0,0,25,0,1,3,0,0,,,,
1416278042.53847,pg_catalog,pg_shdescription,0,0,0,0,0,0,0,0,0,0,0,0,0,0,0,0,0,0
1416278042.53847,pg_catalog,pg_tablespace,2,4,35121,35121,0,0,0,0,0,0,6194,28929,12422,57820,,,,
1416278042.53847,pg_catalog,pg_inherits,0,0,1018,0,0,0,0,0,0,0,0,0,500,518,,,,
1416278042.53847,public,orders,4,60000000,0,0,15000000,0,0,0,15000000,0,504554,1558780,0,0,,,,
1416278042.53847,pg_toast,pg_toast_2606,0,0,0,0,0,0,0,0,0,0,0,0,0,0,,,,
1416278042.53847,pg_toast,pg_toast_2964,0,0,0,0,0,0,0,0,0,0,0,0,0,0,,,,
1416278042.53847,pg_catalog,pg_database,9792,38604,202365,202363,1,0,0,0,1,0,8158,203998,36798,266385,,,,
1416278042.53847,pg_toast,pg_toast_2620,0,0,0,0,0,0,0,0,0,0,0,0,0,0,,,,
1416278042.53847,pg_toast,pg_toast_12213,0,0,0,0,0,0,0,0,0,0,0,0,0,0,,,,
1416278042.53847,pg_catalog,pg_amproc,676,1352,175829,261497,0,0,0,0,0,0,9839,163637,26644,372236,,,,
1416278042.53847,pg_catalog,pg_collation,0,0,0,0,0,0,0,0,0,0,0,0,0,0,,,,
1416278042.53847,pg_catalog,pg_constraint,0,0,392,192,200,0,192,0,10,24,112,1111,202,1994,0,0,0,0
1416278042.53847,pg_catalog,pg_range,0,0,7094,0,0,0,0,0,0,0,0,0,7251,6937,,,,
1416278042.53847,pg_catalog,pg_user_mapping,0,0,0,0,0,0,0,0,0,0,0,0,0,0,,,,
1416278042.53847,pg_catalog,pg_largeobject,0,0,0,0,0,0,0,0,0,0,0,0,0,0,,,,
1416278042.53847,pg_catalog,pg_namespace,7109,199724,548852,504856,38,0,0,0,38,0,6794,505267,17878,581431,,,,
1416278042.53847,public,lineitem,7,419902364,0,0,59986052,0,0,0,59986052,0,7482376,3349108,0,0,,,,
1416278042.53847,pg_catalog,pg_authid,3530,3530,88494,88494,0,0,0,0,0,0,6985,85039,25978,151010,,,,
1416278042.53847,pg_toast,pg_toast_12193,0,0,0,0,0,0,0,0,0,0,0,0,0,0,,,,
1416278042.53847,pg_catalog,pg_index,15807,1846167,392835,560606,945,0,919,0,136,51,29952,557109,28404,443818,,,,
1416278042.53847,pg_catalog,pg_ts_dict,0,0,0,0,0,0,0,0,0,0,0,0,0,0,,,,
1416278042.53847,information_schema,sql_features,0,0,,,0,0,0,0,0,0,0,0,,,0,0,0,0
1416278042.53847,pg_catalog,pg_class,40126,9968139,1639179,1580309,1973,521,1937,505,325,0,73705,1898712,60827,3300428,,,,
1416278042.53847,pg_toast,pg_toast_12183,0,0,0,0,0,0,0,0,0,0,0,0,0,0,,,,
1416278042.53847,information_schema,sql_sizing_profiles,0,0,,,0,0,0,0,0,0,0,0,,,0,0,0,0
1416278042.53847,pg_toast,pg_toast_2396,0,0,0,0,0,0,0,0,0,0,0,0,0,0,,,,
1416278042.53847,pg_catalog,pg_enum,0,0,0,0,0,0,0,0,0,0,0,0,0,0,,,,
1416278042.53847,pg_catalog,pg_db_role_setting,0,0,151365,0,0,0,0,0,0,0,0,0,8007,143358,0,0,0,0
1416278042.53847,public,part,6,12000000,0,0,2000000,0,0,0,2000000,0,79007,327715,0,0,,,,
1416278042.53847,pg_catalog,pg_seclabel,0,0,4661,0,0,0,0,0,0,0,0,0,522,4139,0,0,0,0
1416278042.53847,pg_toast,pg_toast_2609,0,0,0,0,0,0,0,0,0,0,0,0,0,0,,,,
1416278042.53847,pg_toast,pg_toast_1255,0,0,0,0,0,0,0,0,0,0,0,0,0,0,,,,
1416278042.53847,public,time_statistics,0,0,,,1,0,0,0,1,0,1,0,,,,,,
1416278042.53847,pg_catalog,pg_rewrite,0,0,26666,25103,521,0,521,0,106,50,12065,17214,5159,40471,10059,13554,3887,16457
1416278042.53847,pg_catalog,pg_ts_config,0,0,0,0,0,0,0,0,0,0,0,0,0,0,,,,
1416278042.53847,pg_catalog,pg_extension,0,0,0,0,0,0,0,0,0,0,0,0,0,0,,,,
1416278042.53847,pg_catalog,pg_amop,0,0,362400,507834,0,0,0,0,0,0,20823,487011,35413,747083,,,,
1416278042.53847,pg_catalog,pg_cast,0,0,1175791,319130,0,0,0,0,0,0,9033,310097,11500,1207129,,,,
1416278042.53847,pg_toast,pg_toast_2619,0,0,43285,140460,1991,0,1782,0,231,12,12669,57709,2043,81031,,,,
1416278042.53847,pg_toast,pg_toast_2604,0,0,0,0,0,0,0,0,0,0,0,0,0,0,,,,
1416278102.54104,public,partsupp,3,24000000,0,0,8000000,0,0,0,8000000,0,340611,954509,0,0,,,,
1416278102.54104,pg_catalog,pg_auth_members,0,0,0,0,0,0,0,0,0,0,0,0,0,0,,,,
1416278102.54104,pg_catalog,pg_operator,0,0,280717,1230427,0,0,0,0,0,0,61203,822180,46400,581617,,,,
1416278102.54104,pg_catalog,pg_aggregate,0,0,18920,18920,0,0,0,0,0,0,4670,14250,9390,24298,,,,
1416278102.54104,pg_catalog,pg_pltemplate,0,0,0,0,0,0,0,0,0,0,0,0,0,0,,,,
1416278102.54104,pg_toast,pg_toast_12188,0,0,0,0,0,0,0,0,0,0,0,0,0,0,,,,
1416278102.54104,pg_catalog,pg_description,0,0,4661,0,0,0,0,0,0,0,0,0,1682,8658,0,0,0,0
1416278102.54104,pg_catalog,pg_language,0,0,0,0,0,0,0,0,0,0,0,0,0,0,,,,
1416278102.54104,pg_catalog,pg_ts_parser,0,0,0,0,0,0,0,0,0,0,0,0,0,0,,,,
1416278102.54104,pg_catalog,pg_shseclabel,0,0,0,0,0,0,0,0,0,0,0,0,0,0,,,,
1416278102.54104,pg_catalog,pg_foreign_table,0,0,0,0,0,0,0,0,0,0,0,0,0,0,,,,
1416278102.54104,public,customer,6,9000000,0,0,1500000,0,0,0,1500000,0,68533,294857,0,0,,,,
1416278102.54104,information_schema,sql_packages,0,0,,,0,0,0,0,0,0,0,0,,,0,0,0,0
1416278102.54104,information_schema,sql_parts,0,0,,,0,0,0,0,0,0,0,0,,,0,0,0,0
1416278102.54104,pg_catalog,pg_attrdef,0,0,0,0,0,0,0,0,0,0,0,0,0,0,0,0,0,0
1416278102.54104,pg_catalog,pg_ts_template,0,0,0,0,0,0,0,0,0,0,0,0,0,0,,,,
1416278102.54104,pg_catalog,pg_foreign_server,0,0,0,0,0,0,0,0,0,0,0,0,0,0,,,,
1416278102.54104,pg_catalog,pg_default_acl,0,0,4112,0,0,0,0,0,0,0,0,0,477,3635,,,,
1416278102.54104,pg_toast,pg_toast_12198,0,0,0,0,0,0,0,0,0,0,0,0,0,0,,,,
1416278102.54104,public,region,2,10,0,0,5,0,0,0,5,0,1,3,0,0,,,,
1416278102.54104,pg_toast,pg_toast_12208,0,0,0,0,0,0,0,0,0,0,0,0,0,0,,,,
1416278102.54104,pg_catalog,pg_attribute,3718,24674,1106799,2192469,7597,250,7424,214,2420,408,98069,1093509,44794,2251948,,,,
1416278102.54104,pg_catalog,pg_statistic,0,0,259683,205049,1708,4273,1661,3796,557,0,42012,175831,21141,538455,12669,57715,2043,81049
1416278102.54104,pg_toast,pg_toast_12203,0,0,0,0,0,0,0,0,0,0,0,0,0,0,,,,
1416278102.54104,pg_toast,pg_toast_2618,0,0,13522,43910,0,0,0,0,0,0,10059,13568,3887,16469,,,,
1416278102.54104,pg_toast,pg_toast_3596,0,0,0,0,0,0,0,0,0,0,0,0,0,0,,,,
1416278102.54104,pg_catalog,pg_depend,0,0,43188,46495,7951,0,7866,0,6289,1148,7926,54758,13508,109830,,,,
1416278102.54104,public,supplier,4,400000,0,0,100000,0,0,0,100000,0,2312,15648,0,0,,,,
1416278102.54104,information_schema,sql_languages,0,0,,,0,0,0,0,0,0,0,0,,,0,0,0,0
1416278102.54104,pg_catalog,pg_opclass,676,676,227597,2464853,0,0,0,0,0,0,13300,847097,26175,270050,,,,
1416278102.54104,pg_catalog,pg_proc,0,0,473850,697669,0,0,0,0,0,0,75223,467175,70967,979866,0,0,0,0
1416278102.54104,information_schema,sql_implementation_info,0,0,,,0,0,0,0,0,0,0,0,,,0,0,0,0
1416278102.54104,pg_catalog,pg_trigger,0,0,0,0,0,0,0,0,0,0,0,0,0,0,0,0,0,0
1416278102.54104,pg_catalog,pg_am,48178,48178,0,0,0,0,0,0,0,0,7797,40381,0,0,,,,
1416278102.54104,pg_catalog,pg_largeobject_metadata,0,0,0,0,0,0,0,0,0,0,0,0,0,0,,,,
1416278102.54104,pg_catalog,pg_ts_config_map,0,0,0,0,0,0,0,0,0,0,0,0,0,0,,,,
1416278102.54104,pg_catalog,pg_type,0,0,934305,926848,2030,0,2011,0,349,109,24274,911565,30549,1879280,,,,
1416278102.54104,pg_catalog,pg_shdepend,0,0,5729,1067,0,0,0,0,0,0,491,576,2129,5648,,,,
1416278102.54104,information_schema,sql_sizing,0,0,,,0,0,0,0,0,0,0,0,,,0,0,0,0
1416278102.54104,pg_catalog,pg_conversion,0,0,0,0,0,0,0,0,0,0,0,0,0,0,,,,
1416278102.54104,pg_catalog,pg_foreign_data_wrapper,0,0,0,0,0,0,0,0,0,0,0,0,0,0,,,,
1416278102.54104,pg_catalog,pg_opfamily,0,0,0,0,0,0,0,0,0,0,0,0,0,0,,,,
1416278102.54104,public,nation,2,50,0,0,25,0,0,0,25,0,1,3,0,0,,,,
1416278102.54104,pg_catalog,pg_shdescription,0,0,0,0,0,0,0,0,0,0,0,0,0,0,0,0,0,0
1416278102.54104,pg_catalog,pg_tablespace,2,4,35131,35131,0,0,0,0,0,0,6194,28939,12422,57840,,,,
1416278102.54104,pg_catalog,pg_inherits,0,0,1018,0,0,0,0,0,0,0,0,0,500,518,,,,
1416278102.54104,public,orders,4,60000000,0,0,15000000,0,0,0,15000000,0,504554,1558780,0,0,,,,
1416278102.54104,pg_toast,pg_toast_2606,0,0,0,0,0,0,0,0,0,0,0,0,0,0,,,,
1416278102.54104,pg_toast,pg_toast_2964,0,0,0,0,0,0,0,0,0,0,0,0,0,0,,,,
1416278102.54104,pg_catalog,pg_database,9796,38620,202417,202415,1,0,0,0,1,0,8158,204054,36798,266461,,,,
1416278102.54104,pg_toast,pg_toast_2620,0,0,0,0,0,0,0,0,0,0,0,0,0,0,,,,
1416278102.54104,pg_toast,pg_toast_12213,0,0,0,0,0,0,0,0,0,0,0,0,0,0,,,,
1416278102.54104,pg_catalog,pg_amproc,676,1352,175860,261545,0,0,0,0,0,0,9839,163668,26644,372309,,,,
1416278102.54104,pg_catalog,pg_collation,0,0,0,0,0,0,0,0,0,0,0,0,0,0,,,,
1416278102.54104,pg_catalog,pg_constraint,0,0,392,192,200,0,192,0,10,24,112,1111,202,1994,0,0,0,0
1416278102.54104,pg_catalog,pg_range,0,0,7094,0,0,0,0,0,0,0,0,0,7251,6937,,,,
1416278102.54104,pg_catalog,pg_user_mapping,0,0,0,0,0,0,0,0,0,0,0,0,0,0,,,,
1416278102.54104,pg_catalog,pg_largeobject,0,0,0,0,0,0,0,0,0,0,0,0,0,0,,,,
1416278102.54104,pg_catalog,pg_namespace,7113,199900,549155,505149,38,0,0,0,38,0,6794,505564,17878,581747,,,,
1416278102.54104,public,lineitem,7,419902364,0,0,59986052,0,0,0,59986052,0,7482376,3349108,0,0,,,,
1416278102.54104,pg_catalog,pg_authid,3532,3532,88514,88514,0,0,0,0,0,0,6985,85061,25978,151050,,,,
1416278102.54104,pg_toast,pg_toast_12193,0,0,0,0,0,0,0,0,0,0,0,0,0,0,,,,
1416278102.54104,pg_catalog,pg_index,15815,1847255,392902,560693,945,0,919,0,136,51,29952,557216,28404,443906,,,,
1416278102.54104,pg_catalog,pg_ts_dict,0,0,0,0,0,0,0,0,0,0,0,0,0,0,,,,
1416278102.54104,information_schema,sql_features,0,0,,,0,0,0,0,0,0,0,0,,,0,0,0,0
1416278102.54104,pg_catalog,pg_class,40144,9973406,1639840,1580970,1973,521,1937,505,325,0,73705,1899555,60827,3301773,,,,
1416278102.54104,pg_toast,pg_toast_12183,0,0,0,0,0,0,0,0,0,0,0,0,0,0,,,,
1416278102.54104,information_schema,sql_sizing_profiles,0,0,,,0,0,0,0,0,0,0,0,,,0,0,0,0
1416278102.54104,pg_toast,pg_toast_2396,0,0,0,0,0,0,0,0,0,0,0,0,0,0,,,,
1416278102.54104,pg_catalog,pg_enum,0,0,0,0,0,0,0,0,0,0,0,0,0,0,,,,
1416278102.54104,pg_catalog,pg_db_role_setting,0,0,151401,0,0,0,0,0,0,0,0,0,8007,143394,0,0,0,0
1416278102.54104,public,part,6,12000000,0,0,2000000,0,0,0,2000000,0,79007,327715,0,0,,,,
1416278102.54104,pg_catalog,pg_seclabel,0,0,4661,0,0,0,0,0,0,0,0,0,522,4139,0,0,0,0
1416278102.54104,pg_toast,pg_toast_2609,0,0,0,0,0,0,0,0,0,0,0,0,0,0,,,,
1416278102.54104,pg_toast,pg_toast_1255,0,0,0,0,0,0,0,0,0,0,0,0,0,0,,,,
1416278102.54104,public,time_statistics,0,0,,,1,0,0,0,1,0,1,0,,,,,,
1416278102.54104,pg_catalog,pg_rewrite,0,0,26680,25117,521,0,521,0,106,50,12065,17228,5159,40495,10059,13568,3887,16469
1416278102.54104,pg_catalog,pg_ts_config,0,0,0,0,0,0,0,0,0,0,0,0,0,0,,,,
1416278102.54104,pg_catalog,pg_extension,0,0,0,0,0,0,0,0,0,0,0,0,0,0,,,,
1416278102.54104,pg_catalog,pg_amop,0,0,362466,507916,0,0,0,0,0,0,20823,487093,35413,747231,,,,
1416278102.54104,pg_catalog,pg_cast,0,0,1175927,319186,0,0,0,0,0,0,9033,310153,11500,1207275,,,,
1416278102.54104,pg_toast,pg_toast_2619,0,0,43291,140472,1991,0,1782,0,231,12,12669,57715,2043,81049,,,,
1416278102.54104,pg_toast,pg_toast_2604,0,0,0,0,0,0,0,0,0,0,0,0,0,0,,,,
